product>>brand,product>>category,product>>currency,product>>date,product>>description,product>>images,product>>name,product>>price,product>>sku,product>>url,product>>variations
Ann Taylor,Online Exclusives,USD,2017-12-05T18:49:19.687Z,"Our longest shorts always step things up in style. Refined in crisp cotton, this essential pair has a touch of stretch for an endlessly flattering fit. Contoured waistband. Front zip with double hook-and-bar closure. Belt loops. Front off-seam pockets. Back welt pockets. Side slits. 11” inseam.",https://richmedia.channeladvisor.com/ImageDelivery/imageService?profileId=52000652&id=1143755|https://richmedia.channeladvisor.com/ImageDelivery/imageService?profileId=52000652&id=1143755|https://richmedia.channeladvisor.com/ImageDelivery/imageService?profileId=52000652&id=1158580|https://richmedia.channeladvisor.com/ImageDelivery/imageService?profileId=52000652&id=1158580|https://richmedia.channeladvisor.com/ImageDelivery/imageService?profileId=52000652&id=1137187|https://richmedia.channeladvisor.com/ImageDelivery/imageService?profileId=52000652&id=1137187|https://richmedia.channeladvisor.com/ImageDelivery/imageService?profileId=52000652&id=1137183|https://richmedia.channeladvisor.com/ImageDelivery/imageService?profileId=52000652&id=1137183|https://richmedia.channeladvisor.com/ImageDelivery/imageService?profileId=52000652&id=1137185|https://richmedia.channeladvisor.com/ImageDelivery/imageService?profileId=52000652&id=1137185,Walking Shorts,49,455672,https://www.anntaylor.com/walking-shorts/455672,Atlantic Navy|Coastal Beige
Ann Taylor,Jewelry,USD,2017-12-05T18:49:25.022Z,A gleaming round pendant and adjustable cord necklace make this modern accessory shine. 34&#034; length adjustable cord necklace; 2&#034; pendant.,https://richmedia.channeladvisor.com/ImageDelivery/imageService?profileId=52000652&id=1149247|https://richmedia.channeladvisor.com/ImageDelivery/imageService?profileId=52000652&id=1149247|https://richmedia.channeladvisor.com/ImageDelivery/imageService?profileId=52000652&id=1148837|https://richmedia.channeladvisor.com/ImageDelivery/imageService?profileId=52000652&id=1148837,Circle Pendant Cord Necklace,39.5,464472,https://www.anntaylor.com/circle-pendant-cord-necklace/464472,Gold
Ann Taylor,Jewelry,USD,2017-12-05T18:49:29.062Z,This stellar pair stars a linear drop of polished stones that takes your look to the next level. French wire. 2&#034; drop.,https://richmedia.channeladvisor.com/ImageDelivery/imageService?profileId=52000652&id=1143771|https://richmedia.channeladvisor.com/ImageDelivery/imageService?profileId=52000652&id=1143771|https://richmedia.channeladvisor.com/ImageDelivery/imageService?profileId=52000652&id=1158888|https://richmedia.channeladvisor.com/ImageDelivery/imageService?profileId=52000652&id=1158888,Stellar Linear Drop Earrings,39.5,459484,https://www.anntaylor.com/stellar-linear-drop-earrings/459484,Frosted Pink
Ann Taylor,Jewelry,USD,2017-12-05T18:49:33.292Z,"Make the rounds with this glossy bead necklace, polished off with sparkling pave accents. Lobster claw closure. 30&#034; length with 2&#034; extender.",https://richmedia.channeladvisor.com/ImageDelivery/imageService?profileId=52000652&id=1143739|https://richmedia.channeladvisor.com/ImageDelivery/imageService?profileId=52000652&id=1143739|https://richmedia.channeladvisor.com/ImageDelivery/imageService?profileId=52000652&id=1158885|https://richmedia.channeladvisor.com/ImageDelivery/imageService?profileId=52000652&id=1158885,Beaded Necklace,39.5,448996,https://www.anntaylor.com/beaded-necklace/448996,Black
Ann Taylor,Jewelry,USD,2017-12-05T18:49:37.302Z,"This beaded beauty is long and layerable, adding a sparkling twist to any ensemble. 70&#034; length.",https://richmedia.channeladvisor.com/ImageDelivery/imageService?profileId=52000652&id=1148832|https://richmedia.channeladvisor.com/ImageDelivery/imageService?profileId=52000652&id=1148832|https://richmedia.channeladvisor.com/ImageDelivery/imageService?profileId=52000652&id=1143738|https://richmedia.channeladvisor.com/ImageDelivery/imageService?profileId=52000652&id=1143738|https://richmedia.channeladvisor.com/ImageDelivery/imageService?profileId=52000652&id=1149245|https://richmedia.channeladvisor.com/ImageDelivery/imageService?profileId=52000652&id=1149245,Beaded Layering Necklace,59.5,448908,https://www.anntaylor.com/beaded-layering-necklace/448908,Black|Scarlet Lily|Ivory White
Ann Taylor,Jewelry,USD,2017-12-05T18:49:41.497Z,This beautifully-crafted cluster of sparkling crystals radiates pure brilliance. Post back. 2/3&#034; width.,https://richmedia.channeladvisor.com/ImageDelivery/imageService?profileId=52000652&id=1143767|https://richmedia.channeladvisor.com/ImageDelivery/imageService?profileId=52000652&id=1143767|https://richmedia.channeladvisor.com/ImageDelivery/imageService?profileId=52000652&id=1158887|https://richmedia.channeladvisor.com/ImageDelivery/imageService?profileId=52000652&id=1158887,Crystal Cluster Earrings,39.5,457954,https://www.anntaylor.com/crystal-cluster-earrings/457954,Silver
Ann Taylor,Jewelry,USD,2017-12-05T18:49:45.539Z,Our chandelier-inspired earrings feature dazzling crystal drops for amazingly brilliant sparkle. Post back. 1&#034; drop.,https://richmedia.channeladvisor.com/ImageDelivery/imageService?profileId=52000652&id=1143774|https://richmedia.channeladvisor.com/ImageDelivery/imageService?profileId=52000652&id=1143774|https://richmedia.channeladvisor.com/ImageDelivery/imageService?profileId=52000652&id=1158890|https://richmedia.channeladvisor.com/ImageDelivery/imageService?profileId=52000652&id=1158890,Crystal Chandelier Earrings,39.5,459653,https://www.anntaylor.com/crystal-chandelier-earrings/459653,Gold
Ann Taylor,Tops + Blouses,USD,2017-12-05T18:49:49.548Z,"Cut with a sleek split neck, our textured eyelet peplum is all about the pretty details. Split neck. Short sleeves. Shirred peplum hem. Hidden back zipper. Lined body. 25&#034; long.",https://richmedia.channeladvisor.com/ImageDelivery/imageService?profileId=52000652&id=1135690|https://richmedia.channeladvisor.com/ImageDelivery/imageService?profileId=52000652&id=1135690|https://richmedia.channeladvisor.com/ImageDelivery/imageService?profileId=52000652&id=1137171|https://richmedia.channeladvisor.com/ImageDelivery/imageService?profileId=52000652&id=1137171|https://richmedia.channeladvisor.com/ImageDelivery/imageService?profileId=52000652&id=1137173|https://richmedia.channeladvisor.com/ImageDelivery/imageService?profileId=52000652&id=1137173|https://richmedia.channeladvisor.com/ImageDelivery/imageService?profileId=52000652&id=1135689|https://richmedia.channeladvisor.com/ImageDelivery/imageService?profileId=52000652&id=1135689,Eyelet Peplum Top,79.5,454280,https://www.anntaylor.com/eyelet-peplum-top/454280,Black
Ann Taylor,Tops + Blouses,USD,2017-12-05T18:49:53.754Z,"With jeans or tulle, at happy hour or holiday dinner - our end-on-end cotton balloon sleeve top is the life of the party. Shirred jewel neck. 3/4 sleeves with shirred sleeve caps and encased elastic cuffs. Back slit with button closure. 25 1/4&#034; long.",https://richmedia.channeladvisor.com/ImageDelivery/imageService?profileId=52000652&id=1135688|https://richmedia.channeladvisor.com/ImageDelivery/imageService?profileId=52000652&id=1135688|https://richmedia.channeladvisor.com/ImageDelivery/imageService?profileId=52000652&id=1132628|https://richmedia.channeladvisor.com/ImageDelivery/imageService?profileId=52000652&id=1132628|https://richmedia.channeladvisor.com/ImageDelivery/imageService?profileId=52000652&id=1132626|https://richmedia.channeladvisor.com/ImageDelivery/imageService?profileId=52000652&id=1132626|https://richmedia.channeladvisor.com/ImageDelivery/imageService?profileId=52000652&id=1132627|https://richmedia.channeladvisor.com/ImageDelivery/imageService?profileId=52000652&id=1132627,Cotton Balloon Sleeve Top,79.5,454276,https://www.anntaylor.com/cotton-balloon-sleeve-top/454276,Baja Rose|Western Bluebird
Ann Taylor,All Shoes,USD,2017-12-05T18:49:58.135Z,"Lead the charge with these buttery-soft suede sandals, expertly crafted in rich seasonal hues. Open toe. Padded footbed for complete comfort. Covered 3 1/2&#034; heel.",https://richmedia.channeladvisor.com/ImageDelivery/imageService?profileId=52000652&id=1109478|https://richmedia.channeladvisor.com/ImageDelivery/imageService?profileId=52000652&id=1109478|https://richmedia.channeladvisor.com/ImageDelivery/imageService?profileId=52000652&id=1109480|https://richmedia.channeladvisor.com/ImageDelivery/imageService?profileId=52000652&id=1109480|https://richmedia.channeladvisor.com/ImageDelivery/imageService?profileId=52000652&id=1112387|https://richmedia.channeladvisor.com/ImageDelivery/imageService?profileId=52000652&id=1112387|https://richmedia.channeladvisor.com/ImageDelivery/imageService?profileId=52000652&id=1112389|https://richmedia.channeladvisor.com/ImageDelivery/imageService?profileId=52000652&id=1112389|https://richmedia.channeladvisor.com/ImageDelivery/imageService?profileId=52000652&id=1112388|https://richmedia.channeladvisor.com/ImageDelivery/imageService?profileId=52000652&id=1112388|https://richmedia.channeladvisor.com/ImageDelivery/imageService?profileId=52000652&id=1112390|https://richmedia.channeladvisor.com/ImageDelivery/imageService?profileId=52000652&id=1112390,Jeanette Suede Heeled Sandals,128,452817,https://www.anntaylor.com/jeanette-suede-heeled-sandals/452817,Acorn Squash|Brown Toffee
Ann Taylor,View All,USD,2017-12-05T18:50:02.969Z,"From the feminine tie waist to the fluid fit, this breezy linen-infused pair is a wardrobe essential. Front zip with double hook-and-bar closure. Belt loops. Self tie sash. Front pleats. Front off-seam pockets. Back welt pockets. 4” inseam.",https://richmedia.channeladvisor.com/ImageDelivery/imageService?profileId=52000652&id=1143748|https://richmedia.channeladvisor.com/ImageDelivery/imageService?profileId=52000652&id=1143748|https://richmedia.channeladvisor.com/ImageDelivery/imageService?profileId=52000652&id=1143746|https://richmedia.channeladvisor.com/ImageDelivery/imageService?profileId=52000652&id=1143746|https://richmedia.channeladvisor.com/ImageDelivery/imageService?profileId=52000652&id=1143747|https://richmedia.channeladvisor.com/ImageDelivery/imageService?profileId=52000652&id=1143747,Chambray Fluid Tie Waist Shorts,59,454222,https://www.anntaylor.com/chambray-fluid-tie-waist-shorts/454222,Authentic Dark Indigo Wash
Ann Taylor,Tops + Blouses,USD,2017-12-05T18:50:07.191Z,"Cut with a sleek split neck, our chambray peplum is all about the pretty details. Split neck. Short sleeves. Shirred peplum hem. Hidden back zipper. 25&#034; long.",https://richmedia.channeladvisor.com/ImageDelivery/imageService?profileId=52000652&id=1143745|https://richmedia.channeladvisor.com/ImageDelivery/imageService?profileId=52000652&id=1143745|https://richmedia.channeladvisor.com/ImageDelivery/imageService?profileId=52000652&id=1143744|https://richmedia.channeladvisor.com/ImageDelivery/imageService?profileId=52000652&id=1143744,Chambray Peplum Top,69.5,453415,https://www.anntaylor.com/chambray-peplum-top/453415,Authentic Dark Indigo Wash
Ann Taylor,Tops + Blouses,USD,2017-12-05T18:50:11.250Z,"Intricately embroidered in a softly shirred silhouette, our crisp poplin shell exudes effortless pretty. Split neck. Sleeveless with ruffle armholes. Lined front and back yoke with shirring beneath. 25 1/4&#034; long.",https://richmedia.channeladvisor.com/ImageDelivery/imageService?profileId=52000652&id=1153792|https://richmedia.channeladvisor.com/ImageDelivery/imageService?profileId=52000652&id=1153792|https://richmedia.channeladvisor.com/ImageDelivery/imageService?profileId=52000652&id=1143750|https://richmedia.channeladvisor.com/ImageDelivery/imageService?profileId=52000652&id=1143750|https://richmedia.channeladvisor.com/ImageDelivery/imageService?profileId=52000652&id=1158576|https://richmedia.channeladvisor.com/ImageDelivery/imageService?profileId=52000652&id=1158576|https://richmedia.channeladvisor.com/ImageDelivery/imageService?profileId=52000652&id=1153791|https://richmedia.channeladvisor.com/ImageDelivery/imageService?profileId=52000652&id=1153791|https://richmedia.channeladvisor.com/ImageDelivery/imageService?profileId=52000652&id=1143749|https://richmedia.channeladvisor.com/ImageDelivery/imageService?profileId=52000652&id=1143749|https://richmedia.channeladvisor.com/ImageDelivery/imageService?profileId=52000652&id=1158575|https://richmedia.channeladvisor.com/ImageDelivery/imageService?profileId=52000652&id=1158575,Embroidered Poplin Shell,69.5,454277,https://www.anntaylor.com/embroidered-poplin-shell/454277,Black|Baja Rose|Frosted Indigo
Ann Taylor,Tops + Blouses,USD,2017-12-05T18:50:15.834Z,"Our smooth ponte top features flowing angel sleeves, for an effortless look that pairs with just about everything. V-neck. Short sleeves. 25&#034; long.",https://richmedia.channeladvisor.com/ImageDelivery/imageService?profileId=52000652&id=1141829|https://richmedia.channeladvisor.com/ImageDelivery/imageService?profileId=52000652&id=1141829|https://richmedia.channeladvisor.com/ImageDelivery/imageService?profileId=52000652&id=1132636|https://richmedia.channeladvisor.com/ImageDelivery/imageService?profileId=52000652&id=1132636|https://richmedia.channeladvisor.com/ImageDelivery/imageService?profileId=52000652&id=1141830|https://richmedia.channeladvisor.com/ImageDelivery/imageService?profileId=52000652&id=1141830|https://richmedia.channeladvisor.com/ImageDelivery/imageService?profileId=52000652&id=1133618|https://richmedia.channeladvisor.com/ImageDelivery/imageService?profileId=52000652&id=1133618,Angel Sleeve Top,49.5,455128,https://www.anntaylor.com/angel-sleeve-top/455128,Black|Baja Rose|Frosted Indigo
Ann Taylor,All Shoes,USD,2017-12-05T18:50:20.289Z,"Loafer and mule rolled in one, these tassel-topped suede slides put your best foot forward. Round toe. Padded footbed for complete comfort. 1/2&#034; heel.",https://richmedia.channeladvisor.com/ImageDelivery/imageService?profileId=52000652&id=1109482|https://richmedia.channeladvisor.com/ImageDelivery/imageService?profileId=52000652&id=1109482|https://richmedia.channeladvisor.com/ImageDelivery/imageService?profileId=52000652&id=1110624|https://richmedia.channeladvisor.com/ImageDelivery/imageService?profileId=52000652&id=1110624|https://richmedia.channeladvisor.com/ImageDelivery/imageService?profileId=52000652&id=1112393|https://richmedia.channeladvisor.com/ImageDelivery/imageService?profileId=52000652&id=1112393|https://richmedia.channeladvisor.com/ImageDelivery/imageService?profileId=52000652&id=1112394|https://richmedia.channeladvisor.com/ImageDelivery/imageService?profileId=52000652&id=1112394|https://richmedia.channeladvisor.com/ImageDelivery/imageService?profileId=52000652&id=1113019|https://richmedia.channeladvisor.com/ImageDelivery/imageService?profileId=52000652&id=1113019|https://richmedia.channeladvisor.com/ImageDelivery/imageService?profileId=52000652&id=1112395|https://richmedia.channeladvisor.com/ImageDelivery/imageService?profileId=52000652&id=1112395,Alesia Suede Tassel Loafer Slides,118,452819,https://www.anntaylor.com/alesia-suede-tassel-loafer-slides/452819,Lava Red|Brown Toffee
Ann Taylor,Tops + Blouses,USD,2017-12-05T18:50:25.811Z,Ribbon-ruched sleeves put a sweet spin on this refined jersey top. Jewel neck. Short raglan sleeves with drawstring ties. 25&#034; long.,https://richmedia.channeladvisor.com/ImageDelivery/imageService?profileId=52000652&id=1132633|https://richmedia.channeladvisor.com/ImageDelivery/imageService?profileId=52000652&id=1132633|https://richmedia.channeladvisor.com/ImageDelivery/imageService?profileId=52000652&id=1132635|https://richmedia.channeladvisor.com/ImageDelivery/imageService?profileId=52000652&id=1132635|https://richmedia.channeladvisor.com/ImageDelivery/imageService?profileId=52000652&id=1132634|https://richmedia.channeladvisor.com/ImageDelivery/imageService?profileId=52000652&id=1132634,Ribbon Ruched Top,49.5,454847,https://www.anntaylor.com/ribbon-ruched-top/454847,Pink Sea Shell|Ivory White
Ann Taylor,View All,USD,2017-12-05T18:50:29.904Z,"Relaxed enough for uptown. Sleek enough for downtown. In texturally refined cotton, this essential pair has a touch of stretch for an endlessly flattering fit. Contoured waistband. Front zip with hook-and-bar closure. Front off-seam pockets. Welt coin pocket with pearlized button closure. Back besom pockets. 4 1/2” inseam.",https://richmedia.channeladvisor.com/ImageDelivery/imageService?profileId=52000652&id=1142355|https://richmedia.channeladvisor.com/ImageDelivery/imageService?profileId=52000652&id=1142355|https://richmedia.channeladvisor.com/ImageDelivery/imageService?profileId=52000652&id=1142352|https://richmedia.channeladvisor.com/ImageDelivery/imageService?profileId=52000652&id=1142352|https://richmedia.channeladvisor.com/ImageDelivery/imageService?profileId=52000652&id=1142353|https://richmedia.channeladvisor.com/ImageDelivery/imageService?profileId=52000652&id=1142353|https://richmedia.channeladvisor.com/ImageDelivery/imageService?profileId=52000652&id=1142354|https://richmedia.channeladvisor.com/ImageDelivery/imageService?profileId=52000652&id=1142354,Pearlized Button City Shorts,59,456882,https://www.anntaylor.com/pearlized-button-city-shorts/456882,Winter White
Ann Taylor,View All,USD,2017-12-05T18:50:34.550Z,"Finished with refined bobble trim, our crepe pleated shorts are a cut above the rest. Elastic grosgrain waistband. Hidden side zipper with hook-and-eye closure. Front pleats. Front off-seam pockets. Back welt pockets. 4&#034; inseam.",https://richmedia.channeladvisor.com/ImageDelivery/imageService?profileId=52000652&id=1135687|https://richmedia.channeladvisor.com/ImageDelivery/imageService?profileId=52000652&id=1135687|https://richmedia.channeladvisor.com/ImageDelivery/imageService?profileId=52000652&id=1135686|https://richmedia.channeladvisor.com/ImageDelivery/imageService?profileId=52000652&id=1135686|https://richmedia.channeladvisor.com/ImageDelivery/imageService?profileId=52000652&id=1137168|https://richmedia.channeladvisor.com/ImageDelivery/imageService?profileId=52000652&id=1137168,Crepe Pleated Shorts,59,454230,https://www.anntaylor.com/crepe-pleated-shorts/454230,Jubilee
Ann Taylor,All Shoes,USD,2017-12-05T18:50:38.920Z,"Lead the charge with these sleek haircalf sandals, stylishly spotted in a bold leopard print. Open toe. Padded footbed for complete comfort. Covered 3 1/2&#034; heel.",https://richmedia.channeladvisor.com/ImageDelivery/imageService?profileId=52000652&id=1109481|https://richmedia.channeladvisor.com/ImageDelivery/imageService?profileId=52000652&id=1109481|https://richmedia.channeladvisor.com/ImageDelivery/imageService?profileId=52000652&id=1112391|https://richmedia.channeladvisor.com/ImageDelivery/imageService?profileId=52000652&id=1112391|https://richmedia.channeladvisor.com/ImageDelivery/imageService?profileId=52000652&id=1112392|https://richmedia.channeladvisor.com/ImageDelivery/imageService?profileId=52000652&id=1112392,Jeanette Leopard Print Haircalf Heeled Sandals,138,452818,https://www.anntaylor.com/jeanette-leopard-print-haircalf-heeled-sandals/452818,Brown Multi
Ann Taylor,Tops + Blouses,USD,2017-12-05T18:50:43.152Z,"Tied at the neck or styled free and loose, our striped blouse is the perfect desk-to-destination style for the holiday season. Split neck with collar and self ties. Long sleeves with button closure. Back slit with button closure. Shirttail hem. 26 3/4&#034; long.",https://richmedia.channeladvisor.com/ImageDelivery/imageService?profileId=52000652&id=1132583|https://richmedia.channeladvisor.com/ImageDelivery/imageService?profileId=52000652&id=1132583|https://richmedia.channeladvisor.com/ImageDelivery/imageService?profileId=52000652&id=1132584|https://richmedia.channeladvisor.com/ImageDelivery/imageService?profileId=52000652&id=1132584|https://richmedia.channeladvisor.com/ImageDelivery/imageService?profileId=52000652&id=1132235|https://richmedia.channeladvisor.com/ImageDelivery/imageService?profileId=52000652&id=1132235|https://richmedia.channeladvisor.com/ImageDelivery/imageService?profileId=52000652&id=1132237|https://richmedia.channeladvisor.com/ImageDelivery/imageService?profileId=52000652&id=1132237,Tie Neck Blouse,79.5,443096,https://www.anntaylor.com/tie-neck-blouse/443096,Essential Evergreen|Ivory White
Ann Taylor,Sweaters,USD,2017-12-05T18:50:47.354Z,A bow-tied neckline brings an extra touch of pretty to this beautifully draped sweater. Drape neck with ties. Long sleeves. Ribbed cuffs and hem. 25 1/2&#034; long.,https://richmedia.channeladvisor.com/ImageDelivery/imageService?profileId=52000652&id=1142299|https://richmedia.channeladvisor.com/ImageDelivery/imageService?profileId=52000652&id=1142299|https://richmedia.channeladvisor.com/ImageDelivery/imageService?profileId=52000652&id=1135669|https://richmedia.channeladvisor.com/ImageDelivery/imageService?profileId=52000652&id=1135669|https://richmedia.channeladvisor.com/ImageDelivery/imageService?profileId=52000652&id=1142297|https://richmedia.channeladvisor.com/ImageDelivery/imageService?profileId=52000652&id=1142297|https://richmedia.channeladvisor.com/ImageDelivery/imageService?profileId=52000652&id=1142298|https://richmedia.channeladvisor.com/ImageDelivery/imageService?profileId=52000652&id=1142298,Bow Neck Sweater,89.5,443496,https://www.anntaylor.com/bow-neck-sweater/443496,Silver Frost Heather|Plum Petal
Ann Taylor,Tops + Blouses,USD,2017-12-05T18:50:51.496Z,"An artfully ruched neckline puts a modern twist on this wear-with-everything shell, in a refined swan motif. Shirred jewel neck. Sleeveless. Back slit with button closure. 26 1/2&#034; long.",https://richmedia.channeladvisor.com/ImageDelivery/imageService?profileId=52000652&id=1157645|https://richmedia.channeladvisor.com/ImageDelivery/imageService?profileId=52000652&id=1157645|https://richmedia.channeladvisor.com/ImageDelivery/imageService?profileId=52000652&id=1157644|https://richmedia.channeladvisor.com/ImageDelivery/imageService?profileId=52000652&id=1157644,Swan Ruched Neck Shell,59.5,455700,https://www.anntaylor.com/swan-ruched-neck-shell/455700,Ivory White
Ann Taylor,Sweaters,USD,2017-12-05T18:50:55.559Z,A strappy cutout back meets a sleek mock neck for your wardrobe&#039;s newest allure. Mock neck. Elbow sleeves. V-back cutout. 23 1/2&#034; long.,https://richmedia.channeladvisor.com/ImageDelivery/imageService?profileId=52000652&id=1133585|https://richmedia.channeladvisor.com/ImageDelivery/imageService?profileId=52000652&id=1133585|https://richmedia.channeladvisor.com/ImageDelivery/imageService?profileId=52000652&id=1132234|https://richmedia.channeladvisor.com/ImageDelivery/imageService?profileId=52000652&id=1132234|https://richmedia.channeladvisor.com/ImageDelivery/imageService?profileId=52000652&id=1133513|https://richmedia.channeladvisor.com/ImageDelivery/imageService?profileId=52000652&id=1133513|https://richmedia.channeladvisor.com/ImageDelivery/imageService?profileId=52000652&id=1133519|https://richmedia.channeladvisor.com/ImageDelivery/imageService?profileId=52000652&id=1133519,Mock Neck V-Back Topper,79.5,442891,https://www.anntaylor.com/mock-neck-v-back-topper/442891,Black|Plum Petal
Ann Taylor,Tops + Blouses,USD,2017-12-05T18:50:59.960Z,"We&#039;ve cinched this flare sleeve top with pretty bow ties, for an effortless look that&#039;s always pulled together. Jewel neck. 3/4 sleeves with flounce cuffs and ties. Back slit with button closure. Shirttail hem. 25 1/4&#034; long.",https://richmedia.channeladvisor.com/ImageDelivery/imageService?profileId=52000652&id=1134829|https://richmedia.channeladvisor.com/ImageDelivery/imageService?profileId=52000652&id=1134829|https://richmedia.channeladvisor.com/ImageDelivery/imageService?profileId=52000652&id=1142337|https://richmedia.channeladvisor.com/ImageDelivery/imageService?profileId=52000652&id=1142337|https://richmedia.channeladvisor.com/ImageDelivery/imageService?profileId=52000652&id=1143751|https://richmedia.channeladvisor.com/ImageDelivery/imageService?profileId=52000652&id=1143751|https://richmedia.channeladvisor.com/ImageDelivery/imageService?profileId=52000652&id=1142336|https://richmedia.channeladvisor.com/ImageDelivery/imageService?profileId=52000652&id=1142336,Tie Flare Sleeve Top,59.5,454900,https://www.anntaylor.com/tie-flare-sleeve-top/454900,Black|Ivory White
Ann Taylor,Novelty Denim,USD,2017-12-05T18:51:04.154Z,"An all-season essential, our straight leg denim steps out in a newly cropped length that&#039;s finished with a relaxed-yet-polished frayed hem. Front zip with button closure. Belt loops. Classic five-pocket styling. 26&#034; inseam.",https://richmedia.channeladvisor.com/ImageDelivery/imageService?profileId=52000652&id=1150515|https://richmedia.channeladvisor.com/ImageDelivery/imageService?profileId=52000652&id=1150515|https://richmedia.channeladvisor.com/ImageDelivery/imageService?profileId=52000652&id=1150514|https://richmedia.channeladvisor.com/ImageDelivery/imageService?profileId=52000652&id=1150514|https://richmedia.channeladvisor.com/ImageDelivery/imageService?profileId=52000652&id=1148836|https://richmedia.channeladvisor.com/ImageDelivery/imageService?profileId=52000652&id=1148836|https://richmedia.channeladvisor.com/ImageDelivery/imageService?profileId=52000652&id=1157760|https://richmedia.channeladvisor.com/ImageDelivery/imageService?profileId=52000652&id=1157760,Frayed Crop Jeans in White,89,457529,https://www.anntaylor.com/frayed-crop-jeans-in-white/457529,White
Ann Taylor,Sweaters,USD,2017-12-05T18:51:08.501Z,"Feminine and flattering, our tiered ruffle sweater takes your look to the next level. Jewel neck. 3/4 sleeves. 23 3/4&#034; long.",https://richmedia.channeladvisor.com/ImageDelivery/imageService?profileId=52000652&id=1137141|https://richmedia.channeladvisor.com/ImageDelivery/imageService?profileId=52000652&id=1137141|https://richmedia.channeladvisor.com/ImageDelivery/imageService?profileId=52000652&id=1133568|https://richmedia.channeladvisor.com/ImageDelivery/imageService?profileId=52000652&id=1133568|https://richmedia.channeladvisor.com/ImageDelivery/imageService?profileId=52000652&id=1137140|https://richmedia.channeladvisor.com/ImageDelivery/imageService?profileId=52000652&id=1137140,Tiered Ruffle Sweater,89.5,451606,https://www.anntaylor.com/tiered-ruffle-sweater/451606,Black|Rain Heather
Ann Taylor,Tops + Blouses,USD,2017-12-05T18:51:12.595Z,"With refined texture and a pretty ruffle collar, this easy popover is a perfect way to add romance to your everyday. V-neck with ruffle stand collar and pleat beneath. Long sleeves with button closure. Back yoke with box pleat. Shirttail hem.",https://richmedia.channeladvisor.com/ImageDelivery/imageService?profileId=52000652&id=1146542|https://richmedia.channeladvisor.com/ImageDelivery/imageService?profileId=52000652&id=1146542|https://richmedia.channeladvisor.com/ImageDelivery/imageService?profileId=52000652&id=1142360|https://richmedia.channeladvisor.com/ImageDelivery/imageService?profileId=52000652&id=1142360|https://richmedia.channeladvisor.com/ImageDelivery/imageService?profileId=52000652&id=1144159|https://richmedia.channeladvisor.com/ImageDelivery/imageService?profileId=52000652&id=1144159|https://richmedia.channeladvisor.com/ImageDelivery/imageService?profileId=52000652&id=1142359|https://richmedia.channeladvisor.com/ImageDelivery/imageService?profileId=52000652&id=1142359|https://richmedia.channeladvisor.com/ImageDelivery/imageService?profileId=52000652&id=1144160|https://richmedia.channeladvisor.com/ImageDelivery/imageService?profileId=52000652&id=1144160,Ruffle Neck Popover,79.5,458900,https://www.anntaylor.com/ruffle-neck-popover/458900,Ivory White
Ann Taylor,Tops + Blouses,USD,2017-12-05T18:51:17.036Z,"With jeans or tulle, at happy hour or holiday dinner - our balloon sleeve top is the life of the party. Shirred jewel neck. 3/4 sleeves with shirred sleeve caps and encased elastic cuffs. Back slit with button closure. 25 1/4&#034; long.",https://richmedia.channeladvisor.com/ImageDelivery/imageService?profileId=52000652&id=1132614|https://richmedia.channeladvisor.com/ImageDelivery/imageService?profileId=52000652&id=1132614|https://richmedia.channeladvisor.com/ImageDelivery/imageService?profileId=52000652&id=1133609|https://richmedia.channeladvisor.com/ImageDelivery/imageService?profileId=52000652&id=1133609,Balloon Sleeve Top,79.5,451855,https://www.anntaylor.com/balloon-sleeve-top/451855,Black
Ann Taylor,Tops + Blouses,USD,2017-12-05T18:51:21.150Z,"Our winter collection highlights feminine silhouettes with intriguing textures, like this finely embroidered top with scalloped trim. Ruffle stand collar with shirring beneath. Tiered short raglan sleeves. Back slit with button closure. 23 1/2&#034; long.",https://richmedia.channeladvisor.com/ImageDelivery/imageService?profileId=52000652&id=1143764|https://richmedia.channeladvisor.com/ImageDelivery/imageService?profileId=52000652&id=1143764|https://richmedia.channeladvisor.com/ImageDelivery/imageService?profileId=52000652&id=1143762|https://richmedia.channeladvisor.com/ImageDelivery/imageService?profileId=52000652&id=1143762|https://richmedia.channeladvisor.com/ImageDelivery/imageService?profileId=52000652&id=1143763|https://richmedia.channeladvisor.com/ImageDelivery/imageService?profileId=52000652&id=1143763,Embroidered Scallop Trim Top,79.5,455757,https://www.anntaylor.com/embroidered-scallop-trim-top/455757,Ivory White
Ann Taylor,Tops + Blouses,USD,2017-12-05T18:51:25.689Z,"Lantern sleeves highlight this blouson top, styled in a softly shirred silhouette. Split neck with neckband. Long sleeves with tunneled elastic cuffs. Drop shoulder with shirring beneath. 26 1/2&#034; long.",https://richmedia.channeladvisor.com/ImageDelivery/imageService?profileId=52000652&id=1142364|https://richmedia.channeladvisor.com/ImageDelivery/imageService?profileId=52000652&id=1142364|https://richmedia.channeladvisor.com/ImageDelivery/imageService?profileId=52000652&id=1146467|https://richmedia.channeladvisor.com/ImageDelivery/imageService?profileId=52000652&id=1146467|https://richmedia.channeladvisor.com/ImageDelivery/imageService?profileId=52000652&id=1143769|https://richmedia.channeladvisor.com/ImageDelivery/imageService?profileId=52000652&id=1143769|https://richmedia.channeladvisor.com/ImageDelivery/imageService?profileId=52000652&id=1143768|https://richmedia.channeladvisor.com/ImageDelivery/imageService?profileId=52000652&id=1143768,Lantern Sleeve Top,59.5,459039,https://www.anntaylor.com/lantern-sleeve-top/459039,Night Sky|Rose Smoke|Antique Brass
Ann Taylor,All Accessories,USD,2017-12-05T18:51:29.820Z,"Textured with a tonal dot pattern, our plush velvet scarf adds a spot of richness to top off your favorite look.",https://richmedia.channeladvisor.com/ImageDelivery/imageService?profileId=52000652&id=1157650|https://richmedia.channeladvisor.com/ImageDelivery/imageService?profileId=52000652&id=1157650,Velvet Dot Scarf,69.5,456599,https://www.anntaylor.com/velvet-dot-scarf/456599,Black
Ann Taylor,All Accessories,USD,2017-12-05T18:51:33.704Z,Floral embroidery adds refined detail and texture to this lightly fringed scarf - in a bouquet of fresh color. Light fringe at ends.,https://richmedia.channeladvisor.com/ImageDelivery/imageService?profileId=52000652&id=1132629|https://richmedia.channeladvisor.com/ImageDelivery/imageService?profileId=52000652&id=1132629,Embroidered Floral Scarf,59.5,454626,https://www.anntaylor.com/embroidered-floral-scarf/454626,Navy Blue
Ann Taylor,All Accessories,USD,2017-12-05T18:51:37.636Z,Play up your look with our silk polka dot scarf - a spot-on accessory for the season.,https://richmedia.channeladvisor.com/ImageDelivery/imageService?profileId=52000652&id=1142356|https://richmedia.channeladvisor.com/ImageDelivery/imageService?profileId=52000652&id=1142356|https://richmedia.channeladvisor.com/ImageDelivery/imageService?profileId=52000652&id=1149246|https://richmedia.channeladvisor.com/ImageDelivery/imageService?profileId=52000652&id=1149246,Polka Dot Silk Skinny Scarf,29.5,457637,https://www.anntaylor.com/polka-dot-silk-skinny-scarf/457637,Black
Ann Taylor,All Accessories,USD,2017-12-05T18:51:41.553Z,Our pure silk scarf leads the style pack with a wildly flattering cheetah print.,https://richmedia.channeladvisor.com/ImageDelivery/imageService?profileId=52000652&id=1142357|https://richmedia.channeladvisor.com/ImageDelivery/imageService?profileId=52000652&id=1142357,Cheetah Silk Skinny Scarf,29.5,457638,https://www.anntaylor.com/cheetah-silk-skinny-scarf/457638,Soft Maple
