product>>brand,product>>category,product>>date,product>>description,product>>images,product>>name,product>>sku,product>>url,product>>variations
Illume,gifts|features|the gift guide,2017-12-05T21:15:58.241Z,"New from the fragrance masters at Illume, Anatomy of a Fragrance bath and beauty products are sophisticated, lighthearted luxuries. Each is crafted in Minnesota, where Illume combines their signature scents with beautiful packaging designed in-house. From lavish hand creams to triple-milled soaps to nature-inspired perfumes, their line is ready-made for gifting and indulging. **Honey Rose**: a warm, romantic scent with notes of lily of the valley, sandalwood and bergamot **Orchid Vanille**: a bright, fresh combination of orange blossom, jasmine, black currant and praline **Wildflower Bergamot**: A zesty blend of bergamot, lemon and mango layered with cedar and sandalwood",https://images.anthropologie.com/is/image/Anthropologie/44448363_040_b|http://images.anthropologie.com/is/image/Anthropologie/44448363_040_b|http://images.anthropologie.com/is/image/Anthropologie/44448363_070_b|http://images.anthropologie.com/is/image/Anthropologie/44448363_065_b,Anatomy of a Fragrance Gift Set,44448363,https://www.anthropologie.com/shop/anatomy-of-a-fragrance-gift-set,Wildflower Bergamot|Orchid Vanille|Honey Rose
Capri Blue,gifts|features|the gift guide,2017-12-05T21:15:59.713Z,"Capri Blue's iconic vessels and fragrances - proudly designed and poured in Mississippi - are a long-standing favorite at Anthropologie. The line pairs striking visuals with intoxicating scents to create beautifully aromatic products like soy-blended candles and vegan-formulated beauty care. **Volcano**: tropical fruits, sugared oranges, lemons and limes, redolent with lightly exotic mountain greens **Coastal**: notes of pineapple, verbena and coconut, accented by sparkling lemon, bergamot and grapefruit **Fir & Firewood**: a fruity, green aroma of apple, clove, fir, pine needle, white birch, cedar, vetiver and musk **Japanese Quince & Cedar**: aromatic cedar wood is embellished with sun-ripened cassis, sugared quince, accents of red currant and a splash of sparkling pomelo **Gardenia & Fig**: bright greens and fresh peach mingle with gardenia, rose, ylang ylang and coconut over a base of light musk **Cinnamon Toddy**: a mouthwatering medley of ripe apple, warm cinnamon, golden clove and grated nutmeg topped with notes of honey and maple **Spiced Cider**: nutmeg, clove and cinnamon are layered over fresh apple and juicy orange notes **Lagoon**: top notes of freesia, incense and tamarind blend over a musky base of cashmere, wood and vetiver **Grapefruit Neroli**: sun-kissed grapefruit, quince and tangerine over neroli, vanilla, orchid and currant",https://images.anthropologie.com/is/image/Anthropologie/19851559_033_b|https://images.anthropologie.com/is/image/Anthropologie/19851559_033_b10|http://images.anthropologie.com/is/image/Anthropologie/19851559_033_b|http://images.anthropologie.com/is/image/Anthropologie/19851559_033_b10|http://images.anthropologie.com/is/image/Anthropologie/19851559_090_b|http://images.anthropologie.com/is/image/Anthropologie/19851559_090_b10|http://images.anthropologie.com/is/image/Anthropologie/19851559_090_b15|http://images.anthropologie.com/is/image/Anthropologie/19851559_090_b16|http://images.anthropologie.com/is/image/Anthropologie/19851559_049_b|http://images.anthropologie.com/is/image/Anthropologie/19851559_026_b|http://images.anthropologie.com/is/image/Anthropologie/19851559_098_b|http://images.anthropologie.com/is/image/Anthropologie/19851559_040_b|http://images.anthropologie.com/is/image/Anthropologie/19851559_007_b|http://images.anthropologie.com/is/image/Anthropologie/19851559_007_b2,Capri Blue Iridescent Jar Candle,19851559,https://www.anthropologie.com/shop/capri-blue-iridescent-jar-candle8,Fir and Firewood|Spiced Cider|Volcano|Spiced Cider|Fir and Firewood|Volcano|Volcano
Anthropologie,gifts|features|the gift guide,2017-12-05T21:16:00.340Z,,https://images.anthropologie.com/is/image/Anthropologie/39336862_001_b3|https://images.anthropologie.com/is/image/Anthropologie/39336862_001_b|https://images.anthropologie.com/is/image/Anthropologie/39336862_001_b2|https://images.anthropologie.com/is/image/Anthropologie/39336862_001_b14|http://images.anthropologie.com/is/image/Anthropologie/39336862_001_b3|http://images.anthropologie.com/is/image/Anthropologie/39336862_001_b|http://images.anthropologie.com/is/image/Anthropologie/39336862_001_b2|http://images.anthropologie.com/is/image/Anthropologie/39336862_001_b14|http://images.anthropologie.com/is/image/Anthropologie/39336862_074_b|http://images.anthropologie.com/is/image/Anthropologie/39336862_074_b2|http://images.anthropologie.com/is/image/Anthropologie/39336862_074_b3|http://images.anthropologie.com/is/image/Anthropologie/39336862_074_b14|http://images.anthropologie.com/is/image/Anthropologie/39336862_010_b|http://images.anthropologie.com/is/image/Anthropologie/39336862_010_b2|http://images.anthropologie.com/is/image/Anthropologie/39336862_010_b15|http://images.anthropologie.com/is/image/Anthropologie/39336862_030_b|http://images.anthropologie.com/is/image/Anthropologie/39336862_030_b2|http://images.anthropologie.com/is/image/Anthropologie/39336862_030_b15|http://images.anthropologie.com/is/image/Anthropologie/39336862_040_b|http://images.anthropologie.com/is/image/Anthropologie/39336862_040_b2|http://images.anthropologie.com/is/image/Anthropologie/39336862_040_b3|http://images.anthropologie.com/is/image/Anthropologie/39336862_040_b14|http://images.anthropologie.com/is/image/Anthropologie/39336862_065_b|http://images.anthropologie.com/is/image/Anthropologie/39336862_065_b2|http://images.anthropologie.com/is/image/Anthropologie/39336862_065_b3|http://images.anthropologie.com/is/image/Anthropologie/39336862_051_b|http://images.anthropologie.com/is/image/Anthropologie/39336862_051_b2|http://images.anthropologie.com/is/image/Anthropologie/39336862_051_b10|http://images.anthropologie.com/is/image/Anthropologie/39336862_066_b|http://images.anthropologie.com/is/image/Anthropologie/39336862_066_b2|http://images.anthropologie.com/is/image/Anthropologie/39336862_066_b10,Slivered Geode Coaster,39336862,https://www.anthropologie.com/shop/geode-coaster,Black Quartz|Dyed Citron|White Quartz|Adventurian|Dyed Blue|Dyed Magenta|Amethyst|Rose quartz
Floreat,gifts|features|the gift guide,2017-12-05T21:16:01.211Z,,https://images.anthropologie.com/is/image/Anthropologie/43663541_000_b|https://images.anthropologie.com/is/image/Anthropologie/43663541_000_b2|https://images.anthropologie.com/is/image/Anthropologie/43663541_000_b3|https://images.anthropologie.com/is/image/Anthropologie/43663541_000_b4|http://images.anthropologie.com/is/image/Anthropologie/43663541_000_b|http://images.anthropologie.com/is/image/Anthropologie/43663541_000_b2|http://images.anthropologie.com/is/image/Anthropologie/43663541_000_b3|http://images.anthropologie.com/is/image/Anthropologie/43663541_000_b4|http://images.anthropologie.com/is/image/Anthropologie/43663541_049_b|http://images.anthropologie.com/is/image/Anthropologie/43663541_049_b2|http://images.anthropologie.com/is/image/Anthropologie/43663541_049_b3|http://images.anthropologie.com/is/image/Anthropologie/43663541_049_b4,Floreat Printed Sleep Pants,43663541,https://www.anthropologie.com/shop/floreat-printed-sleep-pants,ASSORTED|BLUE MOTIF
Sally Muir,gifts|features|the gift guide,2017-12-05T21:16:02.023Z,"A former knitwear designer, the British artist tackled a year-long project of painting a different pup every day, resulting in a wildly popular gallery show at our Kings Road store and this exclusive tableware for your home",https://images.anthropologie.com/is/image/Anthropologie/A39234018_053_b|https://images.anthropologie.com/is/image/Anthropologie/A39234018_053_b10|https://images.anthropologie.com/is/image/Anthropologie/A39234018_053_b11|http://images.anthropologie.com/is/image/Anthropologie/39286992_000_b|http://images.anthropologie.com/is/image/Anthropologie/39286992_000_b14|http://images.anthropologie.com/is/image/Anthropologie/39286992_000_b2|http://images.anthropologie.com/is/image/Anthropologie/39286992_000_b3|http://images.anthropologie.com/is/image/Anthropologie/A39234018_053_b|http://images.anthropologie.com/is/image/Anthropologie/A39234018_053_b10|http://images.anthropologie.com/is/image/Anthropologie/A39234018_053_b11|http://images.anthropologie.com/is/image/Anthropologie/A39234018_032_b|http://images.anthropologie.com/is/image/Anthropologie/A39234018_032_b10|http://images.anthropologie.com/is/image/Anthropologie/A39234018_032_b11|http://images.anthropologie.com/is/image/Anthropologie/A39234018_102_b|http://images.anthropologie.com/is/image/Anthropologie/A39234018_102_b10|http://images.anthropologie.com/is/image/Anthropologie/A39234018_102_b11|http://images.anthropologie.com/is/image/Anthropologie/A39234018_069_b|http://images.anthropologie.com/is/image/Anthropologie/A39234018_069_b10|http://images.anthropologie.com/is/image/Anthropologie/A39234018_069_b11|http://images.anthropologie.com/is/image/Anthropologie/A39234018_043_b|http://images.anthropologie.com/is/image/Anthropologie/A39234018_043_b10|http://images.anthropologie.com/is/image/Anthropologie/A39234018_043_b11|http://images.anthropologie.com/is/image/Anthropologie/A39234018_105_b|http://images.anthropologie.com/is/image/Anthropologie/A39234018_105_b2|http://images.anthropologie.com/is/image/Anthropologie/A39234018_105_b11x|http://images.anthropologie.com/is/image/Anthropologie/A39234018_105_b10|http://images.anthropologie.com/is/image/Anthropologie/A39234018_089_b|http://images.anthropologie.com/is/image/Anthropologie/A39234018_089_b10|http://images.anthropologie.com/is/image/Anthropologie/A39234018_089_b14|http://images.anthropologie.com/is/image/Anthropologie/A39234018_063_b|http://images.anthropologie.com/is/image/Anthropologie/A39234018_063_b10,Dog-a-Day Dessert Plate,39286992,https://www.anthropologie.com/shop/dog-a-day-dessert-plate2,Assorted|Black Lab|White Dog|Chihuahua|Frenchie|Dachshund|Pug|Whippet|Westie
Anthropologie,gifts|features|the gift guide,2017-12-05T21:16:02.737Z,"Sometimes, the best way to make a statement is to spell it out. We recommend gleaming brass and a sizable pendant.",https://images.anthropologie.com/is/image/Anthropologie/37659125_901_b|https://images.anthropologie.com/is/image/Anthropologie/37659125_901_b3|http://images.anthropologie.com/is/image/Anthropologie/37659125_901_b|http://images.anthropologie.com/is/image/Anthropologie/37659125_901_b3,Monogram Pendant Necklace,37659125,https://www.anthropologie.com/shop/monogram-pendant-necklace,Assorted
Anthropologie,gifts|features|the gift guide,2017-12-05T21:16:03.099Z,"Incredibly soft, plush faux fur is the best way to wrap your loved ones in the epitome of cozy.",https://images.anthropologie.com/is/image/Anthropologie/40154023_066_b|https://images.anthropologie.com/is/image/Anthropologie/40154023_066_b2|https://images.anthropologie.com/is/image/Anthropologie/40154023_066_b10|https://images.anthropologie.com/is/image/Anthropologie/40154023_066_b11|https://images.anthropologie.com/is/image/Anthropologie/40154023_066_b14|http://images.anthropologie.com/is/image/Anthropologie/40154023_066_b|http://images.anthropologie.com/is/image/Anthropologie/40154023_066_b2|http://images.anthropologie.com/is/image/Anthropologie/40154023_066_b10|http://images.anthropologie.com/is/image/Anthropologie/40154023_066_b11|http://images.anthropologie.com/is/image/Anthropologie/40154023_066_b14|http://images.anthropologie.com/is/image/Anthropologie/40154023_010_b|http://images.anthropologie.com/is/image/Anthropologie/40154023_010_b2|http://images.anthropologie.com/is/image/Anthropologie/40154023_102_b|http://images.anthropologie.com/is/image/Anthropologie/40154023_102_b2,Fireside Faux Fur Throw Blanket,40154023,https://www.anthropologie.com/shop/fireside-faux-fur-throw-blanket,Blush|WHITE|MINT
Voluspa,gifts|features|the gift guide,2017-12-05T21:16:03.838Z,"Over ten years ago, husband and wife team Troy and Traci Arntsen began creating scented candles right in their home kitchen. Today, the couple own and operate Voluspa, an internationally renowned home fragrance label beloved for their signature coconut wax blends and luxurious packaging. Here, etched glass and warm, alluring scents fill the room with an aromatic glow. Gift to your dearest gal pal or a hard-to-please hostess. **Mokara**: orchid, white lily and spring moss (FLORAL) **Goji Tarocco Orange**: cold-pressed tarocco orange blended with sun-dried goji berries (FRESH) **French Cade & Lavender**: a refreshing blend of French cadewood, lavender, verbena and moss (FLORAL) **Baltic Amber**: forest scents of sandalwood and cedar (SPICE) **Panjore Lychee**: a citrus-tinged blend of cassis and Asian pear (FLORAL) **Crane Flower**: ripened grapefruit combines with geranium, lavender and nectar inspired by the Birds of Paradise flower (FLORAL) **Santiago Huckleberry**: sweet and spicy, with hints of vanilla pod and sugarcane (FRESH) **Gilt Pomander & Hinoki**: holly berries, cardamom and hinoki warm heart and hearth alike",https://images.anthropologie.com/is/image/Anthropologie/A23921851_026_b|http://images.anthropologie.com/is/image/Anthropologie/A23921851_026_b|http://images.anthropologie.com/is/image/Anthropologie/A23921851_010_b|http://images.anthropologie.com/is/image/Anthropologie/A23921851_010_b10|http://images.anthropologie.com/is/image/Anthropologie/A23921851_060_b|http://images.anthropologie.com/is/image/Anthropologie/A23921851_060_b10|http://images.anthropologie.com/is/image/Anthropologie/A23921851_046_b|http://images.anthropologie.com/is/image/Anthropologie/A23921851_046_b10|http://images.anthropologie.com/is/image/Anthropologie/A23921851_027_b|http://images.anthropologie.com/is/image/Anthropologie/A23921851_027_b10|http://images.anthropologie.com/is/image/Anthropologie/A23921851_066_b|http://images.anthropologie.com/is/image/Anthropologie/A23921851_066_b10|http://images.anthropologie.com/is/image/Anthropologie/A23921851_070_b|http://images.anthropologie.com/is/image/Anthropologie/A23921851_055_b|http://images.anthropologie.com/is/image/Anthropologie/A23921851_055_b10,Limited Edition Voluspa Cut Glass Jar Candle,A23921851,https://www.anthropologie.com/shop/limited-edition-voluspa-cut-glass-jar-candle,Gilt Pomander & Hinoki|Mokara|Goji Tarocco Orange|French Cade Lavender|Baltic Amber|Panjore Lychee|Crane Flower|Santiago Huckleberry
Anthropologie,gifts|features|the gift guide,2017-12-05T21:16:04.596Z,,https://images.anthropologie.com/is/image/Anthropologie/43491331_010_b|https://images.anthropologie.com/is/image/Anthropologie/43491331_010_b2|https://images.anthropologie.com/is/image/Anthropologie/43491331_010_b3|https://images.anthropologie.com/is/image/Anthropologie/43491331_010_b4|http://images.anthropologie.com/is/image/Anthropologie/43491331_010_b|http://images.anthropologie.com/is/image/Anthropologie/43491331_010_b2|http://images.anthropologie.com/is/image/Anthropologie/43491331_010_b3|http://images.anthropologie.com/is/image/Anthropologie/43491331_010_b4,Cozy Nights Cropped Kimono,43491331,https://www.anthropologie.com/shop/cozy-nights-cropped-kimono,WHITE
Illume,gifts|features|the gift guide,2017-12-05T21:16:05.445Z,"With a 20-year legacy, Minnesota-based fragrance label Illume is best known for its luxuriously-scented, clean-burning candles. Each signature scent is crafted by hand from all-natural, food-grade ingredients like coconut wax and essential oils, creating an inviting atmosphere wherever one is lit. The mouthwatering aromas of French desserts arise from the nourishing balms in this giftable set. **Sweet Vanilla & Cinnamon**: a comforting blend of nutmeg, vanilla bean and cinnamon crust (SPICE) **Vanilla & Fig**: a perfect blend of lush vanilla, orchid petals, figwood and black mission figs (SPICE) **Whipped Cream & Pear**: a decadent infusion of warm vanilla, fresh pear, whipping cream and a hint of apple peel (FRESH)",https://images.anthropologie.com/is/image/Anthropologie/44448892_000_b|https://images.anthropologie.com/is/image/Anthropologie/44448892_000_b2|http://images.anthropologie.com/is/image/Anthropologie/44448892_000_b|http://images.anthropologie.com/is/image/Anthropologie/44448892_000_b2,Boulangerie Lip Balm Set,44448892,https://www.anthropologie.com/shop/boulangerie-lip-balm-set,ASSORTED
Voluspa,gifts|features|the gift set guide,2017-12-05T21:16:08.334Z,"Over ten years ago, husband and wife team Troy and Traci Arntsen began creating scented candles right in their home kitchen. Today, the couple own and operate Voluspa, an internationally renowned home fragrance label beloved for their signature coconut wax blends and luxurious packaging. *First Set* **Prosecco Rose**: refreshing, sparkling pink prosecco and rose petals (FLORAL) **Branche Vermeil**: a winter spruce infused with notes of citron, balsam wood and sugar (WOODSY) **Blond Tabac**: notes of warm perique tobacco and vanilla husk layered with sandalwood (SPICE) **Bourbon Vanille**: fragrant vanilla beans - ground and distilled for extract (SPICE) *Second Set* **Aurantia & Blackberry**: notes of aurantia wood, ripe blackberry, and fresh acai (WOODSY) **Casa Pacifica**: a fresh spray of sea salt, shore brush and California driftwood (FRESH) **Makassar Ebony & Peach**: a fragrant blend of ebony wood, ripe peach and apple blossom (SPICE) **Perse Bloom**: a bouquet of peony, night jasmine and Egyptian mimosa (FLORAL)",https://images.anthropologie.com/is/image/Anthropologie/43769629_007_b2|https://images.anthropologie.com/is/image/Anthropologie/43769629_007_b|http://images.anthropologie.com/is/image/Anthropologie/43769629_007_b2|http://images.anthropologie.com/is/image/Anthropologie/43769629_007_b|http://images.anthropologie.com/is/image/Anthropologie/43769629_014_b2,Voluspa Maison Mini Candle Gift Set,43769629,https://www.anthropologie.com/shop/voluspa-maison-mini-candle-gift-set,Bright|Neutral
Illume,gifts|features|the gift set guide,2017-12-05T21:16:09.008Z,"New from the fragrance masters at Illume, Anatomy of a Fragrance bath and beauty products are sophisticated, lighthearted luxuries. Each is crafted in Minnesota, where Illume combines their signature scents with beautiful packaging designed in-house. From lavish hand creams to triple-milled soaps to nature-inspired perfumes, their line is ready-made for gifting and indulging. **Honey Rose**: a warm, romantic scent with notes of lily of the valley, sandalwood and bergamot **Orchid Vanille**: a bright, fresh combination of orange blossom, jasmine, black currant and praline **Wildflower Bergamot**: A zesty blend of bergamot, lemon and mango layered with cedar and sandalwood",https://images.anthropologie.com/is/image/Anthropologie/44448363_040_b|http://images.anthropologie.com/is/image/Anthropologie/44448363_040_b|http://images.anthropologie.com/is/image/Anthropologie/44448363_070_b|http://images.anthropologie.com/is/image/Anthropologie/44448363_065_b,Anatomy of a Fragrance Gift Set,44448363,https://www.anthropologie.com/shop/anatomy-of-a-fragrance-gift-set,Wildflower Bergamot|Orchid Vanille|Honey Rose
Anthropologie,gifts|features|the gift set guide,2017-12-05T21:16:09.714Z,"A perfect stocking stuffer, this earring set allows her to swap out posts to suit her style",https://images.anthropologie.com/is/image/Anthropologie/44739399_060_b|https://images.anthropologie.com/is/image/Anthropologie/44739399_060_b2|http://images.anthropologie.com/is/image/Anthropologie/44739399_060_b|http://images.anthropologie.com/is/image/Anthropologie/44739399_060_b2|http://images.anthropologie.com/is/image/Anthropologie/44739399_099_b|http://images.anthropologie.com/is/image/Anthropologie/44739399_099_b2|http://images.anthropologie.com/is/image/Anthropologie/44739399_066_b|http://images.anthropologie.com/is/image/Anthropologie/44739399_066_b2,Delicate Earring Set,44739399,https://www.anthropologie.com/shop/delicate-earring-set,RED|DARK TURQUOISE|PINK
Cosabella,gifts|features|the gift set guide,2017-12-05T21:16:10.441Z,"After immigrating to Miami, Italian native Valeria Campello founded Cosabella with the intention of bringing delicate, Italian-made lingerie to the states. After years of working closely with Italian vendors and American customers, Campello had become a savvy, knowledgeable businesswoman herself, and re-launched Cosabella as her own brand of luxe, feminine undergarments made from high-quality Italian textiles. Now a family-owned business, Cosabella is beloved for its comfortable, endlessly romantic pieces meant for everyday wear.",https://images.anthropologie.com/is/image/Anthropologie/44056745_049_b|https://images.anthropologie.com/is/image/Anthropologie/44056745_049_b2|https://images.anthropologie.com/is/image/Anthropologie/44056745_049_b3|https://images.anthropologie.com/is/image/Anthropologie/44056745_049_b4|http://images.anthropologie.com/is/image/Anthropologie/44056745_049_b|http://images.anthropologie.com/is/image/Anthropologie/44056745_049_b2|http://images.anthropologie.com/is/image/Anthropologie/44056745_049_b3|http://images.anthropologie.com/is/image/Anthropologie/44056745_049_b4|http://images.anthropologie.com/is/image/Anthropologie/44056745_015_b|http://images.anthropologie.com/is/image/Anthropologie/44056745_015_b2|http://images.anthropologie.com/is/image/Anthropologie/44056745_015_b3|http://images.anthropologie.com/is/image/Anthropologie/44056745_015_b4,Cosabella Ski Trip Sleep Set,44056745,https://www.anthropologie.com/shop/cosabella-ski-trip-sleep-set,BLUE MOTIF|NEUTRAL MOTIF
Liberty for Anthropologie,gifts|features|the gift set guide,2017-12-05T21:16:11.270Z,"Guided by his vision to create fashion that eschewed the trends of his time, Arthur Lasenby Liberty created the iconic Liberty London in 1875. Housed in a mock-Tudor building on Great Marlborough Street, the brand is widely known for the eclectic prints that define its line of luxury fabrics, accessories and home goods. A time-honored haven for those with a penchant for ornamentation, Liberty has formed a legacy rooted in its exceptionally crafted designs and its decidedly British sensibilities. **Sophie Jane**: in a print drawn from Liberty's ""Plants that Changed the World"" collection, tea and coffee mingle amongst blooming periwinkles and fragrant pinks, celebrating British history and traditions - and of course, the joy of a good, hot beverage. **Wiltshire Berry:** originally designed in 1939, this classic Liberty print - with its repeating leaf and berry pattern - is a well-loved motif with decades of history. **Peacock Orchard:** exotic birds perch and play in a forest of fruit trees and foliage on this conversational print, which draws its inspiration from an archived Liberty artwork. **Nina Taylor:** originally designed for a seasonal collection inspired by William Morris's poem, ""Earthly Paradise,"" this hand-drawn sandalwood print recalls the charm and beauty of the visible world.",https://images.anthropologie.com/is/image/Anthropologie/42475814_000_b|https://images.anthropologie.com/is/image/Anthropologie/42475814_000_b2|http://images.anthropologie.com/is/image/Anthropologie/42475814_000_b|http://images.anthropologie.com/is/image/Anthropologie/42475814_000_b2,Liberty for Anthropologie Cheese Spreader Set,42475814,https://www.anthropologie.com/shop/liberty-for-anthropologie-cheese-spreader-set,ASSORTED
The Beauty Chef,gifts|features|the gift set guide,2017-12-05T21:16:12.252Z,"When taken as a daily shot of extra nutritional support, each bio-fermented, certified organic, probiotic elixir promotes a radiant complexion and protects your skin and body from free-radical damage, dryness and signs of aging. The Beauty Chef's line of nutrient-dense supplements, serums, balms and boosts are organic, naturopathic and sustainably handcrafted in the founder's hometown of Bondi Beach, Australia. Each formula is packed with collagen- stimulating proteins, detoxifying cruciferous veggies, antioxidant-rich berries and other garden-grown wonders. **Hydration Boost**: Organic coconut water, aloe vera and lemon myrtle combat dullness, and improve digestive health and overall circulation. **Collagen Boost**: An antioxidant-rich berry blend increases the skin's production of plumping collagen, combats cellular damage and supports the growth of hair and nails. **Antioxidant Boost**: An enzyme-packed formula of papaya, pomegranate, green tea and vitamin E combats fatigue and boosts overall skin radiance and firmness.",https://images.anthropologie.com/is/image/Anthropologie/44751006_010_b|https://images.anthropologie.com/is/image/Anthropologie/44751006_010_b2|http://images.anthropologie.com/is/image/Anthropologie/44751006_010_b|http://images.anthropologie.com/is/image/Anthropologie/44751006_010_b2,The Beauty Chef Boost Set,44751006,https://www.anthropologie.com/shop/the-beauty-chef-boost-set,WHITE
Anthropologie,gifts|features|the gift set guide,2017-12-05T21:16:12.825Z,This geo-printed set comes in an eclectic palette of complementary hues.,https://images.anthropologie.com/is/image/Anthropologie/42719468_000_b|https://images.anthropologie.com/is/image/Anthropologie/42719468_000_b2|http://images.anthropologie.com/is/image/Anthropologie/42719468_000_b|http://images.anthropologie.com/is/image/Anthropologie/42719468_000_b2,Geo-Printed Dishcloth Set,42719468,https://www.anthropologie.com/shop/geo-printed-dishcloth-set,ASSORTED
Beekman 1802,gifts|features|the gift set guide,2017-12-05T21:16:13.762Z,"In 2007, partners Josh Kilmer-Purcell and Brent Ridge bought the historic Beekman 1802 farm as a weekend escape from their busy NYC lives. Today - thanks to the help of nearby neighbors who helped them produce their first batch of cheese and soaps from goat's milk - the brand is widely known for its artisan-made goods centered around seasonal living and neighborly sharing. **Aloe & Iris**: a soft, soothing blend of refreshing aloe and iris **Fragrance Free**: naturally scented and formulated for sensitive skin **Honey & Oats**: exfoliating oats with notes of honey and apricot **Honeysuckle & Moss**: a bright blend of honeysuckle, cyclamen, jasmine, and fresh moss **Linden**: a bouquet of linden blossoms, lotus and water orchid with a soft amber base **Oak Moss**: woodsy and aromatic, with notes of warm amber and chypre shea **Sweet Autumn Clematis**: scented with notes of sweet autumn clematis, jasmine, and a hint of almond",https://images.anthropologie.com/is/image/Anthropologie/44047967_000_b|https://images.anthropologie.com/is/image/Anthropologie/44047967_000_b2|http://images.anthropologie.com/is/image/Anthropologie/44047967_000_b|http://images.anthropologie.com/is/image/Anthropologie/44047967_000_b2|http://images.anthropologie.com/is/image/Anthropologie/44047967_010_b|http://images.anthropologie.com/is/image/Anthropologie/44047967_010_b2|http://images.anthropologie.com/is/image/Anthropologie/44047967_006_b|http://images.anthropologie.com/is/image/Anthropologie/44047967_006_b2,Beekman 1802 Goat Milk Travel Soap Set,44047967,https://www.anthropologie.com/shop/beekman-1802-goat-milk-travel-soap-set,ASSORTED|WHITE|LIGHT GREY
Anthropologie,gifts|features|the gift set guide,2017-12-05T21:16:14.657Z,,https://images.anthropologie.com/is/image/Anthropologie/43741222_049_b|https://images.anthropologie.com/is/image/Anthropologie/43741222_049_b2|http://images.anthropologie.com/is/image/Anthropologie/43741222_049_b|http://images.anthropologie.com/is/image/Anthropologie/43741222_049_b2,Perfectly Paired Mug Gift Set,43741222,https://www.anthropologie.com/shop/perfectly-paired-mug-gift-set,BLUE MOTIF
Anthropologie,gifts|features|the gift set guide,2017-12-05T21:16:15.521Z,"For a gift that will impress, choose one of these lovely jewelry sets - each comes with a trinket dish she's sure to treasure.",https://images.anthropologie.com/is/image/Anthropologie/44976496_004_b|https://images.anthropologie.com/is/image/Anthropologie/44976496_004_b2|https://images.anthropologie.com/is/image/Anthropologie/44976496_004_b3|https://images.anthropologie.com/is/image/Anthropologie/44976496_004_b14|http://images.anthropologie.com/is/image/Anthropologie/44976496_004_b|http://images.anthropologie.com/is/image/Anthropologie/44976496_004_b2|http://images.anthropologie.com/is/image/Anthropologie/44976496_004_b3|http://images.anthropologie.com/is/image/Anthropologie/44976496_004_b14|http://images.anthropologie.com/is/image/Anthropologie/44976496_060_b|http://images.anthropologie.com/is/image/Anthropologie/44976496_060_b2|http://images.anthropologie.com/is/image/Anthropologie/44976496_060_b3|http://images.anthropologie.com/is/image/Anthropologie/44976496_060_b10|http://images.anthropologie.com/is/image/Anthropologie/44976496_060_b14|http://images.anthropologie.com/is/image/Anthropologie/44976496_041_b|http://images.anthropologie.com/is/image/Anthropologie/44976496_041_b2|http://images.anthropologie.com/is/image/Anthropologie/44976496_041_b10|http://images.anthropologie.com/is/image/Anthropologie/44976496_041_b14,Sweet Nothings Trinket Dish Gift Set,44976496,https://www.anthropologie.com/shop/sweet-nothings-trinket-dish-gift-set,GREY|RED|NAVY
Kalastyle,gifts|features|the beauty gift guide,2017-12-05T21:16:17.283Z,"Husband-and-wife duo Kate and Lance Smith started Kalastyle over twenty years ago in a New England farmhouse. The brand has grown, but this family business remains true to its roots: a modern aesthetic, eco-awareness and simple, high- quality products. Their organic soaps use only natural ingredients to exfoliate, deep-clean and hydrate your skin. **Seaweed**: formulated for dry skin using active marine algae **Sea Salt**: sea salt soften appearance of skin **Sea Aster**: soothes appearance of redness",https://images.anthropologie.com/is/image/Anthropologie/38372132_060_b|http://images.anthropologie.com/is/image/Anthropologie/38372132_060_b|http://images.anthropologie.com/is/image/Anthropologie/38372132_040_b|http://images.anthropologie.com/is/image/Anthropologie/38372132_030_b,Kalastyle Swedish Dream Soap,38372132,https://www.anthropologie.com/shop/kalastyle-swedish-dream-soap2,Sea Aster|Blue|Green
Sunday Riley,gifts|features|the beauty gift guide,2017-12-05T21:16:17.958Z,"Sunday Riley is a line of layer-able formulas that unite the most advanced breakthroughs in cosmetic science with pure, potent botanicals. Each technology-driven blend delivers active ingredients at maximum concentration, guaranteeing noticeable anti-aging benefits, long-term rejuvenation and instant, luminous results. This powerful daily or overnight treatment is infused with skin-brightening licorice, rejuvenating squalene and soothing arnica that work to reduce wrinkles, improve circulation and firm skin. **How to use**: For a daily serum, apply one to two pumps to clean skin to prep for foundation; you can also layer over night oils. For a quick mask, combine with a cleanser using a 2:1 ratio and let sit for 10 minutes before rinsing.",https://images.anthropologie.com/is/image/Anthropologie/38795720_010_b|https://images.anthropologie.com/is/image/Anthropologie/38795720_010_b14|https://images.anthropologie.com/is/image/Anthropologie/38795720_010_b15|http://images.anthropologie.com/is/image/Anthropologie/38795720_010_b|http://images.anthropologie.com/is/image/Anthropologie/38795720_010_b14|http://images.anthropologie.com/is/image/Anthropologie/38795720_010_b15,"Sunday Riley Good Genes All-In-One Lactic Acid Treatment, 1 oz.",38795720,https://www.anthropologie.com/shop/sunday-riley-good-genes-all-in-one-lactic-acid-treatment-1-oz,White
Kai,gifts|features|the beauty gift guide,2017-12-05T21:16:18.709Z,"Longing to capture the scent of her childhood vacations to Hawaii, founder Gaye Straza worked tirelessly with a small boutique fragrance house to create this tropical concoction. What started in 1999 as a single-batch perfume has grown into a cult-classic bath and body collection that evokes the balmy, sun- drenched Pacific Isles. **Kai Rose**: a light, intoxicating blend of white gardenia, wrapped in exotic florals and layered with rose absolute (FRESH)",https://images.anthropologie.com/is/image/Anthropologie/39756952_066_b|https://images.anthropologie.com/is/image/Anthropologie/39756952_066_b14|https://images.anthropologie.com/is/image/Anthropologie/39756952_066_b15|http://images.anthropologie.com/is/image/Anthropologie/A39756952_010_b|http://images.anthropologie.com/is/image/Anthropologie/A39756952_010_b14|http://images.anthropologie.com/is/image/Anthropologie/39756952_066_b|http://images.anthropologie.com/is/image/Anthropologie/39756952_066_b14|http://images.anthropologie.com/is/image/Anthropologie/39756952_066_b15,Kai Rose Perfume Oil,A39756952,https://www.anthropologie.com/shop/kai-perfume-oil2,Kai|Kai Rose
Darphin,gifts|features|the beauty gift guide,2017-12-05T21:16:19.449Z,"Discover the French secret to beautiful skin. Darphin products are formulated with the finest botanicals and potent, natural ingredients harvested at their peak. Parisian kinesiotherapist and master botanist Pierre Darphin founded his beauty institute in 1958, believing that specific skin-sculpting massage techniques enhance the delivery of meticulously chosen natural ingredients into the skin, creating a unique beauty experience. Today, L' Institut Darphin in Paris remains the ultimate insider address for high performance products and rejuvenating facials. These beautifully aromatic formulas, free of parabens and phthalates, are the perfect blend of pleasure plus performance. Formulated for sensitive complexions, this soothing serum - employing a calming blend of chamomile, hawthorn and peony extracts - helps reduce the appearance of redness to reveal more even-looking tones. **How to use**: Both in the morning and at night, massage three pumps into face and neck. Follow with a moisturizing cream or balm.",https://images.anthropologie.com/is/image/Anthropologie/43699461_010_b|https://images.anthropologie.com/is/image/Anthropologie/43699461_010_b11|http://images.anthropologie.com/is/image/Anthropologie/43699461_010_b|http://images.anthropologie.com/is/image/Anthropologie/43699461_010_b11,Darphin Intral Redness Relief Soothing Serum,43699461,https://www.anthropologie.com/shop/darphin-intral-redness-relief-soothing-serum,WHITE
