item>>date,item>>description,item>>headline,item>>images,item>>source,item>>url
"Thu, 15 Sep 2022 06:31:06 GMT",,Analysis: China's Xi and Russia's Putin want to create a new world order. The war in Ukraine could spoil their plans,"https://cdn.cnn.com/cnnnext/dam/assets/220914110854-01-xi-putin-060818-file-super-169.jpg,https://cdn.cnn.com/cnnnext/dam/assets/220914110854-01-xi-putin-060818-file-large-11.jpg,https://cdn.cnn.com/cnnnext/dam/assets/220914110854-01-xi-putin-060818-file-vertical-large-gallery.jpg,https://cdn.cnn.com/cnnnext/dam/assets/220914110854-01-xi-putin-060818-file-video-synd-2.jpg,https://cdn.cnn.com/cnnnext/dam/assets/220914110854-01-xi-putin-060818-file-live-video.jpg,https://cdn.cnn.com/cnnnext/dam/assets/220914110854-01-xi-putin-060818-file-t1-main.jpg,https://cdn.cnn.com/cnnnext/dam/assets/220914110854-01-xi-putin-060818-file-vertical-gallery.jpg,https://cdn.cnn.com/cnnnext/dam/assets/220914110854-01-xi-putin-060818-file-story-body.jpg,https://cdn.cnn.com/cnnnext/dam/assets/220914110854-01-xi-putin-060818-file-t1-main.jpg,https://cdn.cnn.com/cnnnext/dam/assets/220914110854-01-xi-putin-060818-file-assign.jpg,https://cdn.cnn.com/cnnnext/dam/assets/220914110854-01-xi-putin-060818-file-hp-video.jpg",CNN.com - RSS Channel - App International Edition,https://www.cnn.com/collections/intl-1509-xi-jinping/
,,Putin arrives in Uzbekistan for Shanghai Cooperation Organization summit,"https://cdn.cnn.com/cnnnext/dam/assets/220915014054-01-putin-uzbekistan-sco-summit-091522-super-169.jpg,https://cdn.cnn.com/cnnnext/dam/assets/220915014054-01-putin-uzbekistan-sco-summit-091522-large-11.jpg,https://cdn.cnn.com/cnnnext/dam/assets/220915014054-01-putin-uzbekistan-sco-summit-091522-vertical-large-gallery.jpg,https://cdn.cnn.com/cnnnext/dam/assets/220915014054-01-putin-uzbekistan-sco-summit-091522-video-synd-2.jpg,https://cdn.cnn.com/cnnnext/dam/assets/220915014054-01-putin-uzbekistan-sco-summit-091522-live-video.jpg,https://cdn.cnn.com/cnnnext/dam/assets/220915014054-01-putin-uzbekistan-sco-summit-091522-t1-main.jpg,https://cdn.cnn.com/cnnnext/dam/assets/220915014054-01-putin-uzbekistan-sco-summit-091522-vertical-gallery.jpg,https://cdn.cnn.com/cnnnext/dam/assets/220915014054-01-putin-uzbekistan-sco-summit-091522-story-body.jpg,https://cdn.cnn.com/cnnnext/dam/assets/220915014054-01-putin-uzbekistan-sco-summit-091522-t1-main.jpg,https://cdn.cnn.com/cnnnext/dam/assets/220915014054-01-putin-uzbekistan-sco-summit-091522-assign.jpg,https://cdn.cnn.com/cnnnext/dam/assets/220915014054-01-putin-uzbekistan-sco-summit-091522-hp-video.jpg",CNN.com - RSS Channel - App International Edition,https://edition.cnn.com/webview/europe/live-news/russia-ukraine-war-news-v2-09-15-22/index.html
"Thu, 15 Sep 2022 01:44:38 GMT",President Volodymyr Zelensky thanked his country's military during a visit to the newly liberated city of Izium in Kharkiv region. CNN's Nick Paton Walsh reports from the ground.,See Zelensky's triumphant visit to liberated territory,"https://cdn.cnn.com/cnnnext/dam/assets/220914131910-02-zelensky-izium-super-169.jpg,https://cdn.cnn.com/cnnnext/dam/assets/220914131910-02-zelensky-izium-large-11.jpg,https://cdn.cnn.com/cnnnext/dam/assets/220914131910-02-zelensky-izium-vertical-large-gallery.jpg,https://cdn.cnn.com/cnnnext/dam/assets/220914131910-02-zelensky-izium-video-synd-2.jpg,https://cdn.cnn.com/cnnnext/dam/assets/220914131910-02-zelensky-izium-live-video.jpg,https://cdn.cnn.com/cnnnext/dam/assets/220914131910-02-zelensky-izium-t1-main.jpg,https://cdn.cnn.com/cnnnext/dam/assets/220914131910-02-zelensky-izium-vertical-gallery.jpg,https://cdn.cnn.com/cnnnext/dam/assets/220914131910-02-zelensky-izium-story-body.jpg,https://cdn.cnn.com/cnnnext/dam/assets/220914131910-02-zelensky-izium-t1-main.jpg,https://cdn.cnn.com/cnnnext/dam/assets/220914131910-02-zelensky-izium-assign.jpg,https://cdn.cnn.com/cnnnext/dam/assets/220914131910-02-zelensky-izium-hp-video.jpg",CNN.com - RSS Channel - App International Edition,https://www.cnn.com/videos/world/2022/09/15/ukraine-russia-zelensky-liberated-territory-visit-izium-ebof-npw-pkg-vpx.cnn
"Thu, 15 Sep 2022 04:55:22 GMT",,"'We survived, thank God, we survived!' Relief, but little joy, in one Ukrainian town liberated after Russian occupation","https://cdn.cnn.com/cnnnext/dam/assets/220914133718-01-ukr-women-home-super-169.jpg,https://cdn.cnn.com/cnnnext/dam/assets/220914133718-01-ukr-women-home-large-11.jpg,https://cdn.cnn.com/cnnnext/dam/assets/220914133718-01-ukr-women-home-vertical-large-gallery.jpg,https://cdn.cnn.com/cnnnext/dam/assets/220914133718-01-ukr-women-home-video-synd-2.jpg,https://cdn.cnn.com/cnnnext/dam/assets/220914133718-01-ukr-women-home-live-video.jpg,https://cdn.cnn.com/cnnnext/dam/assets/220914133718-01-ukr-women-home-t1-main.jpg,https://cdn.cnn.com/cnnnext/dam/assets/220914133718-01-ukr-women-home-vertical-gallery.jpg,https://cdn.cnn.com/cnnnext/dam/assets/220914133718-01-ukr-women-home-story-body.jpg,https://cdn.cnn.com/cnnnext/dam/assets/220914133718-01-ukr-women-home-t1-main.jpg,https://cdn.cnn.com/cnnnext/dam/assets/220914133718-01-ukr-women-home-assign.jpg,https://cdn.cnn.com/cnnnext/dam/assets/220914133718-01-ukr-women-home-hp-video.jpg",CNN.com - RSS Channel - App International Edition,https://www.cnn.com/collections/intl-ukraine-1209/
"Thu, 15 Sep 2022 07:03:21 GMT","Thousands of people in Hong Kong have turned out to pay their respects to Queen Elizabeth II, in one of the largest public gatherings since China clamped down on shows of political dissent in the former British colony more than two years ago.","In Hong Kong, mourning the Queen has another purpose: defying China","https://cdn.cnn.com/cnnnext/dam/assets/220913182749-01-hk-queen-british-consul-super-169.jpeg,https://cdn.cnn.com/cnnnext/dam/assets/220913182749-01-hk-queen-british-consul-large-11.jpeg,https://cdn.cnn.com/cnnnext/dam/assets/220913182749-01-hk-queen-british-consul-vertical-large-gallery.jpeg,https://cdn.cnn.com/cnnnext/dam/assets/220913182749-01-hk-queen-british-consul-video-synd-2.jpeg,https://cdn.cnn.com/cnnnext/dam/assets/220913182749-01-hk-queen-british-consul-live-video.jpeg,https://cdn.cnn.com/cnnnext/dam/assets/220913182749-01-hk-queen-british-consul-t1-main.jpeg,https://cdn.cnn.com/cnnnext/dam/assets/220913182749-01-hk-queen-british-consul-vertical-gallery.jpeg,https://cdn.cnn.com/cnnnext/dam/assets/220913182749-01-hk-queen-british-consul-story-body.jpeg,https://cdn.cnn.com/cnnnext/dam/assets/220913182749-01-hk-queen-british-consul-t1-main.jpeg,https://cdn.cnn.com/cnnnext/dam/assets/220913182749-01-hk-queen-british-consul-assign.jpeg,https://cdn.cnn.com/cnnnext/dam/assets/220913182749-01-hk-queen-british-consul-hp-video.jpeg",CNN.com - RSS Channel - App International Edition,https://www.cnn.com/2022/09/15/china/hong-kong-queen-elizabeth-ii-mourning-china-intl-hnk/index.html
"Thu, 15 Sep 2022 04:06:46 GMT","Former White House chief of staff Mark Meadows has complied with a subpoena from the Justice Department's investigation into events surrounding January 6, 2021, sources familiar with the matter tell CNN, making him the highest-ranking Trump official known to have responded to a subpoena in the federal investigation.",Mark Meadows complied with DOJ subpoena in January 6 probe,"https://cdn.cnn.com/cnnnext/dam/assets/220413122602-mark-meadows-file-2020-super-169.jpg,https://cdn.cnn.com/cnnnext/dam/assets/220413122602-mark-meadows-file-2020-large-11.jpg,https://cdn.cnn.com/cnnnext/dam/assets/220413122602-mark-meadows-file-2020-vertical-large-gallery.jpg,https://cdn.cnn.com/cnnnext/dam/assets/220413122602-mark-meadows-file-2020-video-synd-2.jpg,https://cdn.cnn.com/cnnnext/dam/assets/220413122602-mark-meadows-file-2020-live-video.jpg,https://cdn.cnn.com/cnnnext/dam/assets/220413122602-mark-meadows-file-2020-t1-main.jpg,https://cdn.cnn.com/cnnnext/dam/assets/220413122602-mark-meadows-file-2020-vertical-gallery.jpg,https://cdn.cnn.com/cnnnext/dam/assets/220413122602-mark-meadows-file-2020-story-body.jpg,https://cdn.cnn.com/cnnnext/dam/assets/220413122602-mark-meadows-file-2020-t1-main.jpg,https://cdn.cnn.com/cnnnext/dam/assets/220413122602-mark-meadows-file-2020-assign.jpg,https://cdn.cnn.com/cnnnext/dam/assets/220413122602-mark-meadows-file-2020-hp-video.jpg",CNN.com - RSS Channel - App International Edition,https://www.cnn.com/2022/09/14/politics/mark-meadows-subpoena-justice-department-january-6/index.html
"Wed, 14 Sep 2022 21:03:28 GMT",Former President Donald Trump's top general feared he would authorize a strike on Iran as his presidency ended. His intelligence chief wondered what Russia had on him. A billionaire friend convinced him to try buying Greenland. A half-dozen top officials considered resigning en masse.,"Melania Trump was 'convinced that Trump was screwing up' pandemic, book reveals","https://cdn.cnn.com/cnnnext/dam/assets/210301152606-01-donald-melania-trump-super-169.jpg,https://cdn.cnn.com/cnnnext/dam/assets/210301152606-01-donald-melania-trump-large-11.jpg,https://cdn.cnn.com/cnnnext/dam/assets/210301152606-01-donald-melania-trump-vertical-large-gallery.jpg,https://cdn.cnn.com/cnnnext/dam/assets/210301152606-01-donald-melania-trump-video-synd-2.jpg,https://cdn.cnn.com/cnnnext/dam/assets/210301152606-01-donald-melania-trump-live-video.jpg,https://cdn.cnn.com/cnnnext/dam/assets/210301152606-01-donald-melania-trump-t1-main.jpg,https://cdn.cnn.com/cnnnext/dam/assets/210301152606-01-donald-melania-trump-vertical-gallery.jpg,https://cdn.cnn.com/cnnnext/dam/assets/210301152606-01-donald-melania-trump-story-body.jpg,https://cdn.cnn.com/cnnnext/dam/assets/210301152606-01-donald-melania-trump-t1-main.jpg,https://cdn.cnn.com/cnnnext/dam/assets/210301152606-01-donald-melania-trump-assign.jpg,https://cdn.cnn.com/cnnnext/dam/assets/210301152606-01-donald-melania-trump-hp-video.jpg",CNN.com - RSS Channel - App International Edition,https://www.cnn.com/2022/09/14/politics/donald-trump-book/index.html
"Thu, 15 Sep 2022 04:22:40 GMT",A 42-year-old woman believed to be the mother of two children whose remains were found in suitcases bought from a storage facility in New Zealand has been arrested for alleged murder in South Korea.,Woman arrested in connection with alleged murder of 2 children found in suitcases in New Zealand,"https://cdn.cnn.com/cnnnext/dam/assets/220828215728-02-new-zealand-suitcase-remains-identified-super-169.jpg,https://cdn.cnn.com/cnnnext/dam/assets/220828215728-02-new-zealand-suitcase-remains-identified-large-11.jpg,https://cdn.cnn.com/cnnnext/dam/assets/220828215728-02-new-zealand-suitcase-remains-identified-vertical-large-gallery.jpg,https://cdn.cnn.com/cnnnext/dam/assets/220828215728-02-new-zealand-suitcase-remains-identified-video-synd-2.jpg,https://cdn.cnn.com/cnnnext/dam/assets/220828215728-02-new-zealand-suitcase-remains-identified-live-video.jpg,https://cdn.cnn.com/cnnnext/dam/assets/220828215728-02-new-zealand-suitcase-remains-identified-t1-main.jpg,https://cdn.cnn.com/cnnnext/dam/assets/220828215728-02-new-zealand-suitcase-remains-identified-vertical-gallery.jpg,https://cdn.cnn.com/cnnnext/dam/assets/220828215728-02-new-zealand-suitcase-remains-identified-story-body.jpg,https://cdn.cnn.com/cnnnext/dam/assets/220828215728-02-new-zealand-suitcase-remains-identified-t1-main.jpg,https://cdn.cnn.com/cnnnext/dam/assets/220828215728-02-new-zealand-suitcase-remains-identified-assign.jpg,https://cdn.cnn.com/cnnnext/dam/assets/220828215728-02-new-zealand-suitcase-remains-identified-hp-video.jpg",CNN.com - RSS Channel - App International Edition,https://www.cnn.com/2022/09/14/asia/new-zealand-children-suitcase-korea-woman-arrested-intl-hnk/index.html
"Wed, 14 Sep 2022 17:35:58 GMT",,Prince William extends an olive branch to the Sussexes,"https://cdn.cnn.com/cnnnext/dam/assets/220914102054-01-queen-procession-harry-william-0914-super-169.jpg,https://cdn.cnn.com/cnnnext/dam/assets/220914102054-01-queen-procession-harry-william-0914-large-11.jpg,https://cdn.cnn.com/cnnnext/dam/assets/220914102054-01-queen-procession-harry-william-0914-vertical-large-gallery.jpg,https://cdn.cnn.com/cnnnext/dam/assets/220914102054-01-queen-procession-harry-william-0914-video-synd-2.jpg,https://cdn.cnn.com/cnnnext/dam/assets/220914102054-01-queen-procession-harry-william-0914-live-video.jpg,https://cdn.cnn.com/cnnnext/dam/assets/220914102054-01-queen-procession-harry-william-0914-t1-main.jpg,https://cdn.cnn.com/cnnnext/dam/assets/220914102054-01-queen-procession-harry-william-0914-vertical-gallery.jpg,https://cdn.cnn.com/cnnnext/dam/assets/220914102054-01-queen-procession-harry-william-0914-story-body.jpg,https://cdn.cnn.com/cnnnext/dam/assets/220914102054-01-queen-procession-harry-william-0914-t1-main.jpg,https://cdn.cnn.com/cnnnext/dam/assets/220914102054-01-queen-procession-harry-william-0914-assign.jpg,https://cdn.cnn.com/cnnnext/dam/assets/220914102054-01-queen-procession-harry-william-0914-hp-video.jpg",CNN.com - RSS Channel - App International Edition,https://www.cnn.com/collections/int-0914-queen/
,,How Queen Elizabeth's hats became an enduring symbol of Britain's monarchy,,CNN.com - RSS Channel - App International Edition,https://cnn.it/3eSye8T
"Thu, 15 Sep 2022 00:33:08 GMT",CNN's Anna Stewart breaks down King Charles' royal inheritance - more than $21 billion.,King Charles III is now one of the richest people in the world. Here's how,"https://cdn.cnn.com/cnnnext/dam/assets/220908120558-01-prince-charles-060322-file-super-169.jpg,https://cdn.cnn.com/cnnnext/dam/assets/220908120558-01-prince-charles-060322-file-large-11.jpg,https://cdn.cnn.com/cnnnext/dam/assets/220908120558-01-prince-charles-060322-file-vertical-large-gallery.jpg,https://cdn.cnn.com/cnnnext/dam/assets/220908120558-01-prince-charles-060322-file-video-synd-2.jpg,https://cdn.cnn.com/cnnnext/dam/assets/220908120558-01-prince-charles-060322-file-live-video.jpg,https://cdn.cnn.com/cnnnext/dam/assets/220908120558-01-prince-charles-060322-file-t1-main.jpg,https://cdn.cnn.com/cnnnext/dam/assets/220908120558-01-prince-charles-060322-file-vertical-gallery.jpg,https://cdn.cnn.com/cnnnext/dam/assets/220908120558-01-prince-charles-060322-file-story-body.jpg,https://cdn.cnn.com/cnnnext/dam/assets/220908120558-01-prince-charles-060322-file-t1-main.jpg,https://cdn.cnn.com/cnnnext/dam/assets/220908120558-01-prince-charles-060322-file-assign.jpg,https://cdn.cnn.com/cnnnext/dam/assets/220908120558-01-prince-charles-060322-file-hp-video.jpg",CNN.com - RSS Channel - App International Edition,https://www.cnn.com/videos/world/2022/09/14/king-charles-royal-fortune-stewart-ebof-pkg-vpx.cnn
"Thu, 15 Sep 2022 02:20:32 GMT",,"End of Covid-19 pandemic is in sight, WHO chief says","https://cdn.cnn.com/cnnnext/dam/assets/220914122010-pandemic-end-in-sight-who-tedros-super-169.jpg,https://cdn.cnn.com/cnnnext/dam/assets/220914122010-pandemic-end-in-sight-who-tedros-large-11.jpg,https://cdn.cnn.com/cnnnext/dam/assets/220914122010-pandemic-end-in-sight-who-tedros-vertical-large-gallery.jpg,https://cdn.cnn.com/cnnnext/dam/assets/220914122010-pandemic-end-in-sight-who-tedros-video-synd-2.jpg,https://cdn.cnn.com/cnnnext/dam/assets/220914122010-pandemic-end-in-sight-who-tedros-live-video.jpg,https://cdn.cnn.com/cnnnext/dam/assets/220914122010-pandemic-end-in-sight-who-tedros-t1-main.jpg,https://cdn.cnn.com/cnnnext/dam/assets/220914122010-pandemic-end-in-sight-who-tedros-vertical-gallery.jpg,https://cdn.cnn.com/cnnnext/dam/assets/220914122010-pandemic-end-in-sight-who-tedros-story-body.jpg,https://cdn.cnn.com/cnnnext/dam/assets/220914122010-pandemic-end-in-sight-who-tedros-t1-main.jpg,https://cdn.cnn.com/cnnnext/dam/assets/220914122010-pandemic-end-in-sight-who-tedros-assign.jpg,https://cdn.cnn.com/cnnnext/dam/assets/220914122010-pandemic-end-in-sight-who-tedros-hp-video.jpg",CNN.com - RSS Channel - App International Edition,https://www.cnn.com/collections/intl-1509-covid/
"Thu, 15 Sep 2022 03:53:56 GMT","The Senate Foreign Relations Committee approved a bill to bolster US security assistance to Taiwan, authorizing $6.5 billion over the next five years.",Senate panel advances bill to bolster US security assistance to Taiwan,"https://cdn.cnn.com/cnnnext/dam/assets/220818145107-us-taiwan-super-169.jpeg,https://cdn.cnn.com/cnnnext/dam/assets/220818145107-us-taiwan-large-11.jpeg,https://cdn.cnn.com/cnnnext/dam/assets/220818145107-us-taiwan-vertical-large-gallery.jpeg,https://cdn.cnn.com/cnnnext/dam/assets/220818145107-us-taiwan-video-synd-2.jpeg,https://cdn.cnn.com/cnnnext/dam/assets/220818145107-us-taiwan-live-video.jpeg,https://cdn.cnn.com/cnnnext/dam/assets/220818145107-us-taiwan-t1-main.jpeg,https://cdn.cnn.com/cnnnext/dam/assets/220818145107-us-taiwan-vertical-gallery.jpeg,https://cdn.cnn.com/cnnnext/dam/assets/220818145107-us-taiwan-story-body.jpeg,https://cdn.cnn.com/cnnnext/dam/assets/220818145107-us-taiwan-t1-main.jpeg,https://cdn.cnn.com/cnnnext/dam/assets/220818145107-us-taiwan-assign.jpeg,https://cdn.cnn.com/cnnnext/dam/assets/220818145107-us-taiwan-hp-video.jpeg",CNN.com - RSS Channel - App International Edition,https://www.cnn.com/2022/09/14/politics/us-senate-panel-bill-security-assistance-taiwan/index.html
"Wed, 14 Sep 2022 23:29:34 GMT","TikTok repeatedly declined to commit to US lawmakers on Wednesday that the short-form video app will cut off flows of US user data to China, instead promising that the outcome of its negotiations with the US government ""will satisfy all national security concerns.""",TikTok won't commit to stopping US data flows to China,"https://cdn.cnn.com/cnnnext/dam/assets/220914192125-vanessa-pappas-tiktok-091422-super-169.jpg,https://cdn.cnn.com/cnnnext/dam/assets/220914192125-vanessa-pappas-tiktok-091422-large-11.jpg,https://cdn.cnn.com/cnnnext/dam/assets/220914192125-vanessa-pappas-tiktok-091422-vertical-large-gallery.jpg,https://cdn.cnn.com/cnnnext/dam/assets/220914192125-vanessa-pappas-tiktok-091422-video-synd-2.jpg,https://cdn.cnn.com/cnnnext/dam/assets/220914192125-vanessa-pappas-tiktok-091422-live-video.jpg,https://cdn.cnn.com/cnnnext/dam/assets/220914192125-vanessa-pappas-tiktok-091422-t1-main.jpg,https://cdn.cnn.com/cnnnext/dam/assets/220914192125-vanessa-pappas-tiktok-091422-vertical-gallery.jpg,https://cdn.cnn.com/cnnnext/dam/assets/220914192125-vanessa-pappas-tiktok-091422-story-body.jpg,https://cdn.cnn.com/cnnnext/dam/assets/220914192125-vanessa-pappas-tiktok-091422-t1-main.jpg,https://cdn.cnn.com/cnnnext/dam/assets/220914192125-vanessa-pappas-tiktok-091422-assign.jpg,https://cdn.cnn.com/cnnnext/dam/assets/220914192125-vanessa-pappas-tiktok-091422-hp-video.jpg",CNN.com - RSS Channel - App International Edition,https://www.cnn.com/2022/09/14/tech/tiktok-china-data/index.html
"Thu, 15 Sep 2022 03:44:51 GMT","Florida Republican Gov. Ron DeSantis is claiming credit for sending two planes carrying migrants to Martha's Vineyard in Massachusetts Wednesday, according to a statement emailed to CNN by his office.",Gov. Ron DeSantis sends 2 planes carrying migrants to Martha's Vineyard,"https://cdn.cnn.com/cnnnext/dam/assets/220914222427-01-marthas-vineyard-migrants-arrival-plane-super-169.jpg,https://cdn.cnn.com/cnnnext/dam/assets/220914222427-01-marthas-vineyard-migrants-arrival-plane-large-11.jpg,https://cdn.cnn.com/cnnnext/dam/assets/220914222427-01-marthas-vineyard-migrants-arrival-plane-vertical-large-gallery.jpg,https://cdn.cnn.com/cnnnext/dam/assets/220914222427-01-marthas-vineyard-migrants-arrival-plane-video-synd-2.jpg,https://cdn.cnn.com/cnnnext/dam/assets/220914222427-01-marthas-vineyard-migrants-arrival-plane-live-video.jpg,https://cdn.cnn.com/cnnnext/dam/assets/220914222427-01-marthas-vineyard-migrants-arrival-plane-t1-main.jpg,https://cdn.cnn.com/cnnnext/dam/assets/220914222427-01-marthas-vineyard-migrants-arrival-plane-vertical-gallery.jpg,https://cdn.cnn.com/cnnnext/dam/assets/220914222427-01-marthas-vineyard-migrants-arrival-plane-story-body.jpg,https://cdn.cnn.com/cnnnext/dam/assets/220914222427-01-marthas-vineyard-migrants-arrival-plane-t1-main.jpg,https://cdn.cnn.com/cnnnext/dam/assets/220914222427-01-marthas-vineyard-migrants-arrival-plane-assign.jpg,https://cdn.cnn.com/cnnnext/dam/assets/220914222427-01-marthas-vineyard-migrants-arrival-plane-hp-video.jpg",CNN.com - RSS Channel - App International Edition,https://www.cnn.com/2022/09/14/politics/marthas-vineyard-massachusetts-migrants-planes/index.html
"Thu, 15 Sep 2022 02:41:24 GMT","Two seemingly armed and desperate Lebanese depositors held up banks on Wednesday to force access to their own money, which has been blocked during a national financial meltdown.","In Lebanon, armed customers rob banks to get their own money","https://cdn.cnn.com/cnnnext/dam/assets/220914215908-01-lebanon-bank-heist-access-savings-intl-hnk-super-169.jpg,https://cdn.cnn.com/cnnnext/dam/assets/220914215908-01-lebanon-bank-heist-access-savings-intl-hnk-large-11.jpg,https://cdn.cnn.com/cnnnext/dam/assets/220914215908-01-lebanon-bank-heist-access-savings-intl-hnk-vertical-large-gallery.jpg,https://cdn.cnn.com/cnnnext/dam/assets/220914215908-01-lebanon-bank-heist-access-savings-intl-hnk-video-synd-2.jpg,https://cdn.cnn.com/cnnnext/dam/assets/220914215908-01-lebanon-bank-heist-access-savings-intl-hnk-live-video.jpg,https://cdn.cnn.com/cnnnext/dam/assets/220914215908-01-lebanon-bank-heist-access-savings-intl-hnk-t1-main.jpg,https://cdn.cnn.com/cnnnext/dam/assets/220914215908-01-lebanon-bank-heist-access-savings-intl-hnk-vertical-gallery.jpg,https://cdn.cnn.com/cnnnext/dam/assets/220914215908-01-lebanon-bank-heist-access-savings-intl-hnk-story-body.jpg,https://cdn.cnn.com/cnnnext/dam/assets/220914215908-01-lebanon-bank-heist-access-savings-intl-hnk-t1-main.jpg,https://cdn.cnn.com/cnnnext/dam/assets/220914215908-01-lebanon-bank-heist-access-savings-intl-hnk-assign.jpg,https://cdn.cnn.com/cnnnext/dam/assets/220914215908-01-lebanon-bank-heist-access-savings-intl-hnk-hp-video.jpg",CNN.com - RSS Channel - App International Edition,https://www.cnn.com/2022/09/14/world/lebanon-bank-heist-access-money-frozen-savings-intl-hnk/index.html
"Wed, 14 Sep 2022 19:41:49 GMT","A conversation between a federal judge and a lawyer for one of the Oath Keepers charged with seditious conspiracy ended in a screaming match on Wednesday, when the lawyer suggested she would argue at trial that her client deleted evidence after the riot because he was directed to by another lawyer.",Oath Keepers lawyer and federal judge in screaming match over Capitol riot case,"https://cdn.cnn.com/cnnnext/dam/assets/220913134641-01-capitol-riot-exterior-super-169.jpg,https://cdn.cnn.com/cnnnext/dam/assets/220913134641-01-capitol-riot-exterior-large-11.jpg,https://cdn.cnn.com/cnnnext/dam/assets/220913134641-01-capitol-riot-exterior-vertical-large-gallery.jpg,https://cdn.cnn.com/cnnnext/dam/assets/220913134641-01-capitol-riot-exterior-video-synd-2.jpg,https://cdn.cnn.com/cnnnext/dam/assets/220913134641-01-capitol-riot-exterior-live-video.jpg,https://cdn.cnn.com/cnnnext/dam/assets/220913134641-01-capitol-riot-exterior-t1-main.jpg,https://cdn.cnn.com/cnnnext/dam/assets/220913134641-01-capitol-riot-exterior-vertical-gallery.jpg,https://cdn.cnn.com/cnnnext/dam/assets/220913134641-01-capitol-riot-exterior-story-body.jpg,https://cdn.cnn.com/cnnnext/dam/assets/220913134641-01-capitol-riot-exterior-t1-main.jpg,https://cdn.cnn.com/cnnnext/dam/assets/220913134641-01-capitol-riot-exterior-assign.jpg,https://cdn.cnn.com/cnnnext/dam/assets/220913134641-01-capitol-riot-exterior-hp-video.jpg",CNN.com - RSS Channel - App International Edition,https://www.cnn.com/2022/09/14/politics/oath-keepers-judge-mehta-argument/index.html
"Wed, 14 Sep 2022 22:17:49 GMT","President Trump's former deputy press secretary Sarah Matthews tells CNN's Jake Tapper why she believes Trump is ""wholly unfit"" to serve in office.",Why Trump's former aide says he's 'wholly unfit' for office,"https://cdn.cnn.com/cnnnext/dam/assets/220914180744-sarah-matthews-tapper-doc-vpx-super-169.jpg,https://cdn.cnn.com/cnnnext/dam/assets/220914180744-sarah-matthews-tapper-doc-vpx-large-11.jpg,https://cdn.cnn.com/cnnnext/dam/assets/220914180744-sarah-matthews-tapper-doc-vpx-vertical-large-gallery.jpg,https://cdn.cnn.com/cnnnext/dam/assets/220914180744-sarah-matthews-tapper-doc-vpx-video-synd-2.jpg,https://cdn.cnn.com/cnnnext/dam/assets/220914180744-sarah-matthews-tapper-doc-vpx-live-video.jpg,https://cdn.cnn.com/cnnnext/dam/assets/220914180744-sarah-matthews-tapper-doc-vpx-t1-main.jpg,https://cdn.cnn.com/cnnnext/dam/assets/220914180744-sarah-matthews-tapper-doc-vpx-vertical-gallery.jpg,https://cdn.cnn.com/cnnnext/dam/assets/220914180744-sarah-matthews-tapper-doc-vpx-story-body.jpg,https://cdn.cnn.com/cnnnext/dam/assets/220914180744-sarah-matthews-tapper-doc-vpx-t1-main.jpg,https://cdn.cnn.com/cnnnext/dam/assets/220914180744-sarah-matthews-tapper-doc-vpx-assign.jpg,https://cdn.cnn.com/cnnnext/dam/assets/220914180744-sarah-matthews-tapper-doc-vpx-hp-video.jpg",CNN.com - RSS Channel - App International Edition,https://www.cnn.com/videos/politics/2022/09/14/sarah-matthews-trump-unfit-for-office-griffin-tapper-sot-lead-vpx.cnn
"Wed, 14 Sep 2022 13:54:01 GMT","Days before he was gunned down in Los Angeles, rapper PnB Rock talked about fellow artists feeling targeted for robbery.",Rapper killed at LA eatery after social media post showed location,"https://cdn.cnn.com/cnnnext/dam/assets/220914151703-rapper-pnb-rock-2019-super-169.jpg,https://cdn.cnn.com/cnnnext/dam/assets/220914151703-rapper-pnb-rock-2019-large-11.jpg,https://cdn.cnn.com/cnnnext/dam/assets/220914151703-rapper-pnb-rock-2019-vertical-large-gallery.jpg,https://cdn.cnn.com/cnnnext/dam/assets/220914151703-rapper-pnb-rock-2019-video-synd-2.jpg,https://cdn.cnn.com/cnnnext/dam/assets/220914151703-rapper-pnb-rock-2019-live-video.jpg,https://cdn.cnn.com/cnnnext/dam/assets/220914151703-rapper-pnb-rock-2019-t1-main.jpg,https://cdn.cnn.com/cnnnext/dam/assets/220914151703-rapper-pnb-rock-2019-vertical-gallery.jpg,https://cdn.cnn.com/cnnnext/dam/assets/220914151703-rapper-pnb-rock-2019-story-body.jpg,https://cdn.cnn.com/cnnnext/dam/assets/220914151703-rapper-pnb-rock-2019-t1-main.jpg,https://cdn.cnn.com/cnnnext/dam/assets/220914151703-rapper-pnb-rock-2019-assign.jpg,https://cdn.cnn.com/cnnnext/dam/assets/220914151703-rapper-pnb-rock-2019-hp-video.jpg",CNN.com - RSS Channel - App International Edition,https://www.cnn.com/2022/09/14/entertainment/pnb-rock-robbery-interview/index.html
"Wed, 14 Sep 2022 22:17:43 GMT","Mike Lindell, CEO of MyPillow and prominent supporter of former President Donald Trump's false voter fraud claims, said the FBI served him with a grand jury subpoena for the contents of his phone as part of an investigation into a Colorado election security breach. Dave Aronberg, State Attorney for Palm Beach County, Florida weighs in on CNN's New Day.",Lawyer explains the DOJ subpoena 'blitzkrieg' ahead of midterm elections,"https://cdn.cnn.com/cnnnext/dam/assets/220913194613-mike-lindell-white-house-jan-2021-super-169.jpg,https://cdn.cnn.com/cnnnext/dam/assets/220913194613-mike-lindell-white-house-jan-2021-large-11.jpg,https://cdn.cnn.com/cnnnext/dam/assets/220913194613-mike-lindell-white-house-jan-2021-vertical-large-gallery.jpg,https://cdn.cnn.com/cnnnext/dam/assets/220913194613-mike-lindell-white-house-jan-2021-video-synd-2.jpg,https://cdn.cnn.com/cnnnext/dam/assets/220913194613-mike-lindell-white-house-jan-2021-live-video.jpg,https://cdn.cnn.com/cnnnext/dam/assets/220913194613-mike-lindell-white-house-jan-2021-t1-main.jpg,https://cdn.cnn.com/cnnnext/dam/assets/220913194613-mike-lindell-white-house-jan-2021-vertical-gallery.jpg,https://cdn.cnn.com/cnnnext/dam/assets/220913194613-mike-lindell-white-house-jan-2021-story-body.jpg,https://cdn.cnn.com/cnnnext/dam/assets/220913194613-mike-lindell-white-house-jan-2021-t1-main.jpg,https://cdn.cnn.com/cnnnext/dam/assets/220913194613-mike-lindell-white-house-jan-2021-assign.jpg,https://cdn.cnn.com/cnnnext/dam/assets/220913194613-mike-lindell-white-house-jan-2021-hp-video.jpg",CNN.com - RSS Channel - App International Edition,https://www.cnn.com/videos/politics/2022/09/14/mike-lindell-phone-seized-colorado-investigation-new-day-vpx.cnn
"Thu, 15 Sep 2022 00:16:55 GMT","R. Kelly was convicted of multiple child pornography charges at a Chicago federal trial and acquitted on others, according to the Chicago Tribune.",R. Kelly convicted of multiple child pornography and enticement charges,"https://cdn.cnn.com/cnnnext/dam/assets/220628163403-r-kelly-2019-file-super-169.jpg,https://cdn.cnn.com/cnnnext/dam/assets/220628163403-r-kelly-2019-file-large-11.jpg,https://cdn.cnn.com/cnnnext/dam/assets/220628163403-r-kelly-2019-file-vertical-large-gallery.jpg,https://cdn.cnn.com/cnnnext/dam/assets/220628163403-r-kelly-2019-file-video-synd-2.jpg,https://cdn.cnn.com/cnnnext/dam/assets/220628163403-r-kelly-2019-file-live-video.jpg,https://cdn.cnn.com/cnnnext/dam/assets/220628163403-r-kelly-2019-file-t1-main.jpg,https://cdn.cnn.com/cnnnext/dam/assets/220628163403-r-kelly-2019-file-vertical-gallery.jpg,https://cdn.cnn.com/cnnnext/dam/assets/220628163403-r-kelly-2019-file-story-body.jpg,https://cdn.cnn.com/cnnnext/dam/assets/220628163403-r-kelly-2019-file-t1-main.jpg,https://cdn.cnn.com/cnnnext/dam/assets/220628163403-r-kelly-2019-file-assign.jpg,https://cdn.cnn.com/cnnnext/dam/assets/220628163403-r-kelly-2019-file-hp-video.jpg",CNN.com - RSS Channel - App International Edition,https://www.cnn.com/2022/09/14/us/r-kelly-chicago-federal-trial/index.html
"Thu, 15 Sep 2022 00:46:44 GMT",Patagonia's founder is transferring ownership of the company after nearly 50 years into two entities that will help fight the climate crisis.,Patagonia's billionaire founder transfers ownership into two entities to help fight the climate crisis,"https://cdn.cnn.com/cnnnext/dam/assets/220914185314-yvon-chouinard-file-040522-super-169.jpg,https://cdn.cnn.com/cnnnext/dam/assets/220914185314-yvon-chouinard-file-040522-large-11.jpg,https://cdn.cnn.com/cnnnext/dam/assets/220914185314-yvon-chouinard-file-040522-vertical-large-gallery.jpg,https://cdn.cnn.com/cnnnext/dam/assets/220914185314-yvon-chouinard-file-040522-video-synd-2.jpg,https://cdn.cnn.com/cnnnext/dam/assets/220914185314-yvon-chouinard-file-040522-live-video.jpg,https://cdn.cnn.com/cnnnext/dam/assets/220914185314-yvon-chouinard-file-040522-t1-main.jpg,https://cdn.cnn.com/cnnnext/dam/assets/220914185314-yvon-chouinard-file-040522-vertical-gallery.jpg,https://cdn.cnn.com/cnnnext/dam/assets/220914185314-yvon-chouinard-file-040522-story-body.jpg,https://cdn.cnn.com/cnnnext/dam/assets/220914185314-yvon-chouinard-file-040522-t1-main.jpg,https://cdn.cnn.com/cnnnext/dam/assets/220914185314-yvon-chouinard-file-040522-assign.jpg,https://cdn.cnn.com/cnnnext/dam/assets/220914185314-yvon-chouinard-file-040522-hp-video.jpg",CNN.com - RSS Channel - App International Edition,https://www.cnn.com/2022/09/14/business/patagonia-ownership/index.html
"Wed, 14 Sep 2022 15:10:23 GMT","Eight people were detained and around 1,700 kilograms (3,748 pounds) of cocaine seized in a high-speed chase off the coast of Chiapas, according to Reuters.",Watch Mexican navy intercept boat full of drugs,,CNN.com - RSS Channel - App International Edition,https://www.cnn.com/videos/world/2022/09/14/mexico-navy-boat-drugs-lon-orig-bg.cnn
"Thu, 15 Sep 2022 01:42:14 GMT","Industrial-scale mining for materials such as coal, gold, and iron ore is spurring tropical deforestation, with once-impenetrable forest cleared for mines and access roads, new research shows.","Indonesia, Brazil biggest culprits in tropical forest loss linked to industrial mining: study","https://cdn.cnn.com/cnnnext/dam/assets/220914210809-03-indonesia-brazil-forest-loss-deforestation-mining-intl-hnk-super-169.jpg,https://cdn.cnn.com/cnnnext/dam/assets/220914210809-03-indonesia-brazil-forest-loss-deforestation-mining-intl-hnk-large-11.jpg,https://cdn.cnn.com/cnnnext/dam/assets/220914210809-03-indonesia-brazil-forest-loss-deforestation-mining-intl-hnk-vertical-large-gallery.jpg,https://cdn.cnn.com/cnnnext/dam/assets/220914210809-03-indonesia-brazil-forest-loss-deforestation-mining-intl-hnk-video-synd-2.jpg,https://cdn.cnn.com/cnnnext/dam/assets/220914210809-03-indonesia-brazil-forest-loss-deforestation-mining-intl-hnk-live-video.jpg,https://cdn.cnn.com/cnnnext/dam/assets/220914210809-03-indonesia-brazil-forest-loss-deforestation-mining-intl-hnk-t1-main.jpg,https://cdn.cnn.com/cnnnext/dam/assets/220914210809-03-indonesia-brazil-forest-loss-deforestation-mining-intl-hnk-vertical-gallery.jpg,https://cdn.cnn.com/cnnnext/dam/assets/220914210809-03-indonesia-brazil-forest-loss-deforestation-mining-intl-hnk-story-body.jpg,https://cdn.cnn.com/cnnnext/dam/assets/220914210809-03-indonesia-brazil-forest-loss-deforestation-mining-intl-hnk-t1-main.jpg,https://cdn.cnn.com/cnnnext/dam/assets/220914210809-03-indonesia-brazil-forest-loss-deforestation-mining-intl-hnk-assign.jpg,https://cdn.cnn.com/cnnnext/dam/assets/220914210809-03-indonesia-brazil-forest-loss-deforestation-mining-intl-hnk-hp-video.jpg",CNN.com - RSS Channel - App International Edition,https://www.cnn.com/2022/09/14/world/indonesia-brazil-forest-loss-deforestation-mining-intl-hnk/index.html
"Thu, 15 Sep 2022 04:56:50 GMT",A senior Armenian official said late on Wednesday that a truce had been agreed with Azerbaijan after two days of violence linked to a decades-old dispute between the ex-Soviet states over the territory of Nagorno-Karabakh.,Armenia reports ceasefire after new border clashes with Azerbaijan,"https://cdn.cnn.com/cnnnext/dam/assets/220913214259-02-armenia-azerbaijan-artillery-strikes-091322-super-169.jpg,https://cdn.cnn.com/cnnnext/dam/assets/220913214259-02-armenia-azerbaijan-artillery-strikes-091322-large-11.jpg,https://cdn.cnn.com/cnnnext/dam/assets/220913214259-02-armenia-azerbaijan-artillery-strikes-091322-vertical-large-gallery.jpg,https://cdn.cnn.com/cnnnext/dam/assets/220913214259-02-armenia-azerbaijan-artillery-strikes-091322-video-synd-2.jpg,https://cdn.cnn.com/cnnnext/dam/assets/220913214259-02-armenia-azerbaijan-artillery-strikes-091322-live-video.jpg,https://cdn.cnn.com/cnnnext/dam/assets/220913214259-02-armenia-azerbaijan-artillery-strikes-091322-t1-main.jpg,https://cdn.cnn.com/cnnnext/dam/assets/220913214259-02-armenia-azerbaijan-artillery-strikes-091322-vertical-gallery.jpg,https://cdn.cnn.com/cnnnext/dam/assets/220913214259-02-armenia-azerbaijan-artillery-strikes-091322-story-body.jpg,https://cdn.cnn.com/cnnnext/dam/assets/220913214259-02-armenia-azerbaijan-artillery-strikes-091322-t1-main.jpg,https://cdn.cnn.com/cnnnext/dam/assets/220913214259-02-armenia-azerbaijan-artillery-strikes-091322-assign.jpg,https://cdn.cnn.com/cnnnext/dam/assets/220913214259-02-armenia-azerbaijan-artillery-strikes-091322-hp-video.jpg",CNN.com - RSS Channel - App International Edition,https://www.cnn.com/2022/09/15/middleeast/armenia-azerbaijan-truce-reported-intl-hnk/index.html
"Thu, 15 Sep 2022 04:04:18 GMT",Mass protests. Lethal outbursts of gang warfare. An overwhelmed judiciary and a barren legislative branch where a handful of representatives linger among the vacant seats of former colleagues.,"'We are not here forever,' says UN as Haiti searches for path to election","https://cdn.cnn.com/cnnnext/dam/assets/220914155127-01-binuh-hq-103019-file-super-169.jpg,https://cdn.cnn.com/cnnnext/dam/assets/220914155127-01-binuh-hq-103019-file-large-11.jpg,https://cdn.cnn.com/cnnnext/dam/assets/220914155127-01-binuh-hq-103019-file-vertical-large-gallery.jpg,https://cdn.cnn.com/cnnnext/dam/assets/220914155127-01-binuh-hq-103019-file-video-synd-2.jpg,https://cdn.cnn.com/cnnnext/dam/assets/220914155127-01-binuh-hq-103019-file-live-video.jpg,https://cdn.cnn.com/cnnnext/dam/assets/220914155127-01-binuh-hq-103019-file-t1-main.jpg,https://cdn.cnn.com/cnnnext/dam/assets/220914155127-01-binuh-hq-103019-file-vertical-gallery.jpg,https://cdn.cnn.com/cnnnext/dam/assets/220914155127-01-binuh-hq-103019-file-story-body.jpg,https://cdn.cnn.com/cnnnext/dam/assets/220914155127-01-binuh-hq-103019-file-t1-main.jpg,https://cdn.cnn.com/cnnnext/dam/assets/220914155127-01-binuh-hq-103019-file-assign.jpg,https://cdn.cnn.com/cnnnext/dam/assets/220914155127-01-binuh-hq-103019-file-hp-video.jpg",CNN.com - RSS Channel - App International Edition,https://www.cnn.com/2022/09/15/americas/binuh-un-haiti-intl-latam/index.html
"Wed, 14 Sep 2022 14:52:35 GMT",A Connecticut jury is set to determine how much Alex Jones will have to pay families of students killed in the 2012 Sandy Hook shooting. Jones baselessly said in the aftermath of the shooting that the incident was staged. CNN's Oliver Darcy reports.,FBI agent gets emotional during Alex Jones defamation trial,"https://cdn.cnn.com/cnnnext/dam/assets/220914095241-fbi-agent-jones-super-169.jpg,https://cdn.cnn.com/cnnnext/dam/assets/220914095241-fbi-agent-jones-large-11.jpg,https://cdn.cnn.com/cnnnext/dam/assets/220914095241-fbi-agent-jones-vertical-large-gallery.jpg,https://cdn.cnn.com/cnnnext/dam/assets/220914095241-fbi-agent-jones-video-synd-2.jpg,https://cdn.cnn.com/cnnnext/dam/assets/220914095241-fbi-agent-jones-live-video.jpg,https://cdn.cnn.com/cnnnext/dam/assets/220914095241-fbi-agent-jones-t1-main.jpg,https://cdn.cnn.com/cnnnext/dam/assets/220914095241-fbi-agent-jones-vertical-gallery.jpg,https://cdn.cnn.com/cnnnext/dam/assets/220914095241-fbi-agent-jones-story-body.jpg,https://cdn.cnn.com/cnnnext/dam/assets/220914095241-fbi-agent-jones-t1-main.jpg,https://cdn.cnn.com/cnnnext/dam/assets/220914095241-fbi-agent-jones-assign.jpg,https://cdn.cnn.com/cnnnext/dam/assets/220914095241-fbi-agent-jones-hp-video.jpg",CNN.com - RSS Channel - App International Edition,https://www.cnn.com/videos/media/2022/09/14/alex-jones-connecticut-trial-testimony-darcy-earlystart-vpx.cnn
"Wed, 14 Sep 2022 04:37:01 GMT",Surveillance and bodycam video show a man entering the Cleveland Hopkins International Airport baggage carousel and into a restricted area.,Surveillance video shows man crawling through luggage carousel at airport,"https://cdn.cnn.com/cnnnext/dam/assets/220913235411-01-airport-baggage-carousel-super-169.jpg,https://cdn.cnn.com/cnnnext/dam/assets/220913235411-01-airport-baggage-carousel-large-11.jpg,https://cdn.cnn.com/cnnnext/dam/assets/220913235411-01-airport-baggage-carousel-vertical-large-gallery.jpg,https://cdn.cnn.com/cnnnext/dam/assets/220913235411-01-airport-baggage-carousel-video-synd-2.jpg,https://cdn.cnn.com/cnnnext/dam/assets/220913235411-01-airport-baggage-carousel-live-video.jpg,https://cdn.cnn.com/cnnnext/dam/assets/220913235411-01-airport-baggage-carousel-t1-main.jpg,https://cdn.cnn.com/cnnnext/dam/assets/220913235411-01-airport-baggage-carousel-vertical-gallery.jpg,https://cdn.cnn.com/cnnnext/dam/assets/220913235411-01-airport-baggage-carousel-story-body.jpg,https://cdn.cnn.com/cnnnext/dam/assets/220913235411-01-airport-baggage-carousel-t1-main.jpg,https://cdn.cnn.com/cnnnext/dam/assets/220913235411-01-airport-baggage-carousel-assign.jpg,https://cdn.cnn.com/cnnnext/dam/assets/220913235411-01-airport-baggage-carousel-hp-video.jpg",CNN.com - RSS Channel - App International Edition,https://www.cnn.com/videos/us/2022/09/14/airport-baggage-arrest-orig-llr.cnn
"Wed, 14 Sep 2022 23:44:14 GMT",One of the first women to accuse former New York Gov. Andrew Cuomo of sexual harassment filed a federal lawsuit against him this week.,Accuser sues former New York Gov. Cuomo for sexual harassment and discrimination,"https://cdn.cnn.com/cnnnext/dam/assets/211118223006-andrew-cuomo-file-031721-super-169.jpg,https://cdn.cnn.com/cnnnext/dam/assets/211118223006-andrew-cuomo-file-031721-large-11.jpg,https://cdn.cnn.com/cnnnext/dam/assets/211118223006-andrew-cuomo-file-031721-vertical-large-gallery.jpg,https://cdn.cnn.com/cnnnext/dam/assets/211118223006-andrew-cuomo-file-031721-video-synd-2.jpg,https://cdn.cnn.com/cnnnext/dam/assets/211118223006-andrew-cuomo-file-031721-live-video.jpg,https://cdn.cnn.com/cnnnext/dam/assets/211118223006-andrew-cuomo-file-031721-t1-main.jpg,https://cdn.cnn.com/cnnnext/dam/assets/211118223006-andrew-cuomo-file-031721-vertical-gallery.jpg,https://cdn.cnn.com/cnnnext/dam/assets/211118223006-andrew-cuomo-file-031721-story-body.jpg,https://cdn.cnn.com/cnnnext/dam/assets/211118223006-andrew-cuomo-file-031721-t1-main.jpg,https://cdn.cnn.com/cnnnext/dam/assets/211118223006-andrew-cuomo-file-031721-assign.jpg,https://cdn.cnn.com/cnnnext/dam/assets/211118223006-andrew-cuomo-file-031721-hp-video.jpg",CNN.com - RSS Channel - App International Edition,https://www.cnn.com/2022/09/14/politics/cuomo-sued-by-accuser/index.html
"Thu, 15 Sep 2022 08:25:10 GMT","Andye was only in Paris for three days. On day one, she jumped aboard the Metro train that would change her life forever.",She was only in Paris for three days. She met the love of her life on the Metro,"https://cdn.cnn.com/cnnnext/dam/assets/220914102111-01-body-chance-encounters-paris-metro-super-169.jpg,https://cdn.cnn.com/cnnnext/dam/assets/220914102111-01-body-chance-encounters-paris-metro-large-11.jpg,https://cdn.cnn.com/cnnnext/dam/assets/220914102111-01-body-chance-encounters-paris-metro-vertical-large-gallery.jpg,https://cdn.cnn.com/cnnnext/dam/assets/220914102111-01-body-chance-encounters-paris-metro-video-synd-2.jpg,https://cdn.cnn.com/cnnnext/dam/assets/220914102111-01-body-chance-encounters-paris-metro-live-video.jpg,https://cdn.cnn.com/cnnnext/dam/assets/220914102111-01-body-chance-encounters-paris-metro-t1-main.jpg,https://cdn.cnn.com/cnnnext/dam/assets/220914102111-01-body-chance-encounters-paris-metro-vertical-gallery.jpg,https://cdn.cnn.com/cnnnext/dam/assets/220914102111-01-body-chance-encounters-paris-metro-story-body.jpg,https://cdn.cnn.com/cnnnext/dam/assets/220914102111-01-body-chance-encounters-paris-metro-t1-main.jpg,https://cdn.cnn.com/cnnnext/dam/assets/220914102111-01-body-chance-encounters-paris-metro-assign.jpg,https://cdn.cnn.com/cnnnext/dam/assets/220914102111-01-body-chance-encounters-paris-metro-hp-video.jpg",CNN.com - RSS Channel - App International Edition,https://www.cnn.com/travel/article/chance-encounters-paris-metro/index.html
"Wed, 14 Sep 2022 17:33:56 GMT","The classic 1981 Marvel comic page shows the giant green Hulk, tears streaming down his face as he yells at Sabra, an Israeli superhero and agent of the country's Mossad spy agency. The corpse of a young Palestinian boy, killed in an explosion by apparently Arab ""terrorists"" at his feet.",Disney's new Israeli superhero film hits a raw nerve with Arabs,"https://cdn.cnn.com/cnnnext/dam/assets/220914152530-01-sabra-marvel-super-169.jpg,https://cdn.cnn.com/cnnnext/dam/assets/220914152530-01-sabra-marvel-large-11.jpg,https://cdn.cnn.com/cnnnext/dam/assets/220914152530-01-sabra-marvel-vertical-large-gallery.jpg,https://cdn.cnn.com/cnnnext/dam/assets/220914152530-01-sabra-marvel-video-synd-2.jpg,https://cdn.cnn.com/cnnnext/dam/assets/220914152530-01-sabra-marvel-live-video.jpg,https://cdn.cnn.com/cnnnext/dam/assets/220914152530-01-sabra-marvel-t1-main.jpg,https://cdn.cnn.com/cnnnext/dam/assets/220914152530-01-sabra-marvel-vertical-gallery.jpg,https://cdn.cnn.com/cnnnext/dam/assets/220914152530-01-sabra-marvel-story-body.jpg,https://cdn.cnn.com/cnnnext/dam/assets/220914152530-01-sabra-marvel-t1-main.jpg,https://cdn.cnn.com/cnnnext/dam/assets/220914152530-01-sabra-marvel-assign.jpg,https://cdn.cnn.com/cnnnext/dam/assets/220914152530-01-sabra-marvel-hp-video.jpg",CNN.com - RSS Channel - App International Edition,https://www.cnn.com/2022/09/14/middleeast/marvel-israeli-superhero-mime-intl/index.html
"Wed, 14 Sep 2022 17:28:49 GMT","Can the Twitter whistleblower save Elon Musk from buying Twitter for $44B? Dan Ives, senior director at Wedbush Securities, explains 4 possible scenarios for how Twitter and Musk's legal battle could play out in court.","4 ways Twitter and Musk court battle could end, explained",,CNN.com - RSS Channel - App International Edition,https://www.cnn.com/videos/business/2022/09/14/twitter-elon-musk-4-court-case-scenarios-orig.cnn-business
"Wed, 14 Sep 2022 15:35:48 GMT","King Charles III gets really peeved at his pen ... ""every stinking time."" CNN's Jeanne Moos reports on the royal rant.",'Every stinking time': See what got King Charles flustered,"https://cdn.cnn.com/cnnnext/dam/assets/220914110739-king-charles-st-annes-cathedral-departure-super-169.jpg,https://cdn.cnn.com/cnnnext/dam/assets/220914110739-king-charles-st-annes-cathedral-departure-large-11.jpg,https://cdn.cnn.com/cnnnext/dam/assets/220914110739-king-charles-st-annes-cathedral-departure-vertical-large-gallery.jpg,https://cdn.cnn.com/cnnnext/dam/assets/220914110739-king-charles-st-annes-cathedral-departure-video-synd-2.jpg,https://cdn.cnn.com/cnnnext/dam/assets/220914110739-king-charles-st-annes-cathedral-departure-live-video.jpg,https://cdn.cnn.com/cnnnext/dam/assets/220914110739-king-charles-st-annes-cathedral-departure-t1-main.jpg,https://cdn.cnn.com/cnnnext/dam/assets/220914110739-king-charles-st-annes-cathedral-departure-vertical-gallery.jpg,https://cdn.cnn.com/cnnnext/dam/assets/220914110739-king-charles-st-annes-cathedral-departure-story-body.jpg,https://cdn.cnn.com/cnnnext/dam/assets/220914110739-king-charles-st-annes-cathedral-departure-t1-main.jpg,https://cdn.cnn.com/cnnnext/dam/assets/220914110739-king-charles-st-annes-cathedral-departure-assign.jpg,https://cdn.cnn.com/cnnnext/dam/assets/220914110739-king-charles-st-annes-cathedral-departure-hp-video.jpg",CNN.com - RSS Channel - App International Edition,https://www.cnn.com/videos/world/2022/09/14/king-charles-pesky-pens-moos-orig-bdk.cnn
"Thu, 15 Sep 2022 08:34:46 GMT","LeBron James and Chris Paul have criticized the NBA for the punishment handed down to Phoenix Suns owner Robert Sarver, who this week was fined $10 million and suspended for a year after an independent investigation found he engaged in hostile, racially insensitive and inappropriate behavior.",'Our league definitely got this wrong': LeBron James and other NBA figures respond to Robert Sarver decision,"https://cdn.cnn.com/cnnnext/dam/assets/220913132906-01-robert-sarver-101321-file-super-169.jpg,https://cdn.cnn.com/cnnnext/dam/assets/220913132906-01-robert-sarver-101321-file-large-11.jpg,https://cdn.cnn.com/cnnnext/dam/assets/220913132906-01-robert-sarver-101321-file-vertical-large-gallery.jpg,https://cdn.cnn.com/cnnnext/dam/assets/220913132906-01-robert-sarver-101321-file-video-synd-2.jpg,https://cdn.cnn.com/cnnnext/dam/assets/220913132906-01-robert-sarver-101321-file-live-video.jpg,https://cdn.cnn.com/cnnnext/dam/assets/220913132906-01-robert-sarver-101321-file-t1-main.jpg,https://cdn.cnn.com/cnnnext/dam/assets/220913132906-01-robert-sarver-101321-file-vertical-gallery.jpg,https://cdn.cnn.com/cnnnext/dam/assets/220913132906-01-robert-sarver-101321-file-story-body.jpg,https://cdn.cnn.com/cnnnext/dam/assets/220913132906-01-robert-sarver-101321-file-t1-main.jpg,https://cdn.cnn.com/cnnnext/dam/assets/220913132906-01-robert-sarver-101321-file-assign.jpg,https://cdn.cnn.com/cnnnext/dam/assets/220913132906-01-robert-sarver-101321-file-hp-video.jpg",CNN.com - RSS Channel - App International Edition,https://www.cnn.com/2022/09/15/sport/lebron-james-adam-silver-react-robert-sarver-spt-intl/index.html
"Thu, 15 Sep 2022 06:18:11 GMT","Superstar couple Gisele Bündchen and Tom Brady, who wed in 2009, are going through a difficult period.","Gisele Bündchen and Tom Brady are 'living separately,' source tells CNN","https://cdn.cnn.com/cnnnext/dam/assets/220914165008-gisele-bundchen-tom-brady-0519-super-169.jpg,https://cdn.cnn.com/cnnnext/dam/assets/220914165008-gisele-bundchen-tom-brady-0519-large-11.jpg,https://cdn.cnn.com/cnnnext/dam/assets/220914165008-gisele-bundchen-tom-brady-0519-vertical-large-gallery.jpg,https://cdn.cnn.com/cnnnext/dam/assets/220914165008-gisele-bundchen-tom-brady-0519-video-synd-2.jpg,https://cdn.cnn.com/cnnnext/dam/assets/220914165008-gisele-bundchen-tom-brady-0519-live-video.jpg,https://cdn.cnn.com/cnnnext/dam/assets/220914165008-gisele-bundchen-tom-brady-0519-t1-main.jpg,https://cdn.cnn.com/cnnnext/dam/assets/220914165008-gisele-bundchen-tom-brady-0519-vertical-gallery.jpg,https://cdn.cnn.com/cnnnext/dam/assets/220914165008-gisele-bundchen-tom-brady-0519-story-body.jpg,https://cdn.cnn.com/cnnnext/dam/assets/220914165008-gisele-bundchen-tom-brady-0519-t1-main.jpg,https://cdn.cnn.com/cnnnext/dam/assets/220914165008-gisele-bundchen-tom-brady-0519-assign.jpg,https://cdn.cnn.com/cnnnext/dam/assets/220914165008-gisele-bundchen-tom-brady-0519-hp-video.jpg",CNN.com - RSS Channel - App International Edition,https://www.cnn.com/2022/09/14/entertainment/tom-brady-gisele-bundchen/index.html
"Wed, 14 Sep 2022 07:59:45 GMT","With their cornflower blues, candy floss pinks, and pumpkin oranges, photographer Preet Uday's images of Dubai conjure a bittersweet nostalgia.",This photographer shows a Dubai you've never seen before,"https://cdn.cnn.com/cnnnext/dam/assets/220913181659-card1-preet-uday-photographer-nostalgia-dubai-now-super-169.jpg,https://cdn.cnn.com/cnnnext/dam/assets/220913181659-card1-preet-uday-photographer-nostalgia-dubai-now-large-11.jpg,https://cdn.cnn.com/cnnnext/dam/assets/220913181659-card1-preet-uday-photographer-nostalgia-dubai-now-vertical-large-gallery.jpg,https://cdn.cnn.com/cnnnext/dam/assets/220913181659-card1-preet-uday-photographer-nostalgia-dubai-now-video-synd-2.jpg,https://cdn.cnn.com/cnnnext/dam/assets/220913181659-card1-preet-uday-photographer-nostalgia-dubai-now-live-video.jpg,https://cdn.cnn.com/cnnnext/dam/assets/220913181659-card1-preet-uday-photographer-nostalgia-dubai-now-t1-main.jpg,https://cdn.cnn.com/cnnnext/dam/assets/220913181659-card1-preet-uday-photographer-nostalgia-dubai-now-vertical-gallery.jpg,https://cdn.cnn.com/cnnnext/dam/assets/220913181659-card1-preet-uday-photographer-nostalgia-dubai-now-story-body.jpg,https://cdn.cnn.com/cnnnext/dam/assets/220913181659-card1-preet-uday-photographer-nostalgia-dubai-now-t1-main.jpg,https://cdn.cnn.com/cnnnext/dam/assets/220913181659-card1-preet-uday-photographer-nostalgia-dubai-now-assign.jpg,https://cdn.cnn.com/cnnnext/dam/assets/220913181659-card1-preet-uday-photographer-nostalgia-dubai-now-hp-video.jpg",CNN.com - RSS Channel - App International Edition,https://www.cnn.com/travel/article/photographer-nostalgia-dubai-now-spc-intl/index.html
"Wed, 14 Sep 2022 20:10:53 GMT","Discoveries involving a lab accident, venomous snails and a scientific instrument made from paper are some of the obscure, quirky or convoluted advances honored Wednesday with awards that celebrate research that ultimately had a big, if unexpected, impact on society.",The rule-breaking paper microscope that costs $1.75 to make,"https://cdn.cnn.com/cnnnext/dam/assets/220914122624-02-golden-goose-science-awards-magnified-super-169.jpg,https://cdn.cnn.com/cnnnext/dam/assets/220914122624-02-golden-goose-science-awards-magnified-large-11.jpg,https://cdn.cnn.com/cnnnext/dam/assets/220914122624-02-golden-goose-science-awards-magnified-vertical-large-gallery.jpg,https://cdn.cnn.com/cnnnext/dam/assets/220914122624-02-golden-goose-science-awards-magnified-video-synd-2.jpg,https://cdn.cnn.com/cnnnext/dam/assets/220914122624-02-golden-goose-science-awards-magnified-live-video.jpg,https://cdn.cnn.com/cnnnext/dam/assets/220914122624-02-golden-goose-science-awards-magnified-t1-main.jpg,https://cdn.cnn.com/cnnnext/dam/assets/220914122624-02-golden-goose-science-awards-magnified-vertical-gallery.jpg,https://cdn.cnn.com/cnnnext/dam/assets/220914122624-02-golden-goose-science-awards-magnified-story-body.jpg,https://cdn.cnn.com/cnnnext/dam/assets/220914122624-02-golden-goose-science-awards-magnified-t1-main.jpg,https://cdn.cnn.com/cnnnext/dam/assets/220914122624-02-golden-goose-science-awards-magnified-assign.jpg,https://cdn.cnn.com/cnnnext/dam/assets/220914122624-02-golden-goose-science-awards-magnified-hp-video.jpg",CNN.com - RSS Channel - App International Edition,https://www.cnn.com/2022/09/14/world/golden-goose-science-awards-scn/index.html
"Thu, 15 Sep 2022 00:15:33 GMT","Ford has unveiled the seventh-generation of its Mustang. While it updated the interior with large digital screens, the automaker has maintained a gas-powered engine.",Here is the newest Ford Mustang,"https://cdn.cnn.com/cnnnext/dam/assets/220914165026-04-embargo-new-ford-mustang-super-169.jpg,https://cdn.cnn.com/cnnnext/dam/assets/220914165026-04-embargo-new-ford-mustang-large-11.jpg,https://cdn.cnn.com/cnnnext/dam/assets/220914165026-04-embargo-new-ford-mustang-vertical-large-gallery.jpg,https://cdn.cnn.com/cnnnext/dam/assets/220914165026-04-embargo-new-ford-mustang-video-synd-2.jpg,https://cdn.cnn.com/cnnnext/dam/assets/220914165026-04-embargo-new-ford-mustang-live-video.jpg,https://cdn.cnn.com/cnnnext/dam/assets/220914165026-04-embargo-new-ford-mustang-t1-main.jpg,https://cdn.cnn.com/cnnnext/dam/assets/220914165026-04-embargo-new-ford-mustang-vertical-gallery.jpg,https://cdn.cnn.com/cnnnext/dam/assets/220914165026-04-embargo-new-ford-mustang-story-body.jpg,https://cdn.cnn.com/cnnnext/dam/assets/220914165026-04-embargo-new-ford-mustang-t1-main.jpg,https://cdn.cnn.com/cnnnext/dam/assets/220914165026-04-embargo-new-ford-mustang-assign.jpg,https://cdn.cnn.com/cnnnext/dam/assets/220914165026-04-embargo-new-ford-mustang-hp-video.jpg",CNN.com - RSS Channel - App International Edition,https://www.cnn.com/videos/business/2022/09/14/ford-mustang-seventh-generation-mc-orig.cnn-business
"Wed, 14 Sep 2022 04:10:18 GMT",The plane carrying Queen Elizabeth II's coffin has broken records to become the most-tracked flight ever.,RAF plane carrying Queen Elizabeth's coffin sets all-time flight tracking record,"https://cdn.cnn.com/cnnnext/dam/assets/220913222131-03-queen-elizabeth-coffin-flight-record-super-169.jpg,https://cdn.cnn.com/cnnnext/dam/assets/220913222131-03-queen-elizabeth-coffin-flight-record-large-11.jpg,https://cdn.cnn.com/cnnnext/dam/assets/220913222131-03-queen-elizabeth-coffin-flight-record-vertical-large-gallery.jpg,https://cdn.cnn.com/cnnnext/dam/assets/220913222131-03-queen-elizabeth-coffin-flight-record-video-synd-2.jpg,https://cdn.cnn.com/cnnnext/dam/assets/220913222131-03-queen-elizabeth-coffin-flight-record-live-video.jpg,https://cdn.cnn.com/cnnnext/dam/assets/220913222131-03-queen-elizabeth-coffin-flight-record-t1-main.jpg,https://cdn.cnn.com/cnnnext/dam/assets/220913222131-03-queen-elizabeth-coffin-flight-record-vertical-gallery.jpg,https://cdn.cnn.com/cnnnext/dam/assets/220913222131-03-queen-elizabeth-coffin-flight-record-story-body.jpg,https://cdn.cnn.com/cnnnext/dam/assets/220913222131-03-queen-elizabeth-coffin-flight-record-t1-main.jpg,https://cdn.cnn.com/cnnnext/dam/assets/220913222131-03-queen-elizabeth-coffin-flight-record-assign.jpg,https://cdn.cnn.com/cnnnext/dam/assets/220913222131-03-queen-elizabeth-coffin-flight-record-hp-video.jpg",CNN.com - RSS Channel - App International Edition,https://www.cnn.com/travel/article/queen-elizabeth-raf-plane-most-tracked-flight-ever/index.html
"Wed, 14 Sep 2022 20:29:44 GMT","Serve Robotics has teamed with several companies including Uber, Domino's and Amazon to launch a pilot program for robot delivery. When one of its robots encountered crime scene tape, it was able to sneak by with a little help from a nearby TV cameraman.",Watch: Delivery robot rolls through crime scene,,CNN.com - RSS Channel - App International Edition,https://www.cnn.com/videos/business/2022/09/14/delivery-robot-crime-scene-orig-fj.cnn-business
"Wed, 14 Sep 2022 12:35:56 GMT","The death of Queen Elizabeth II, the longest-reigning monarch in British history, has led to astonishing scenes in the UK.",What the Queen's death means for tourists to the UK right now,"https://cdn.cnn.com/cnnnext/dam/assets/220913153037-01-queen-death-uk-tourism-edinburgh-super-169.jpg,https://cdn.cnn.com/cnnnext/dam/assets/220913153037-01-queen-death-uk-tourism-edinburgh-large-11.jpg,https://cdn.cnn.com/cnnnext/dam/assets/220913153037-01-queen-death-uk-tourism-edinburgh-vertical-large-gallery.jpg,https://cdn.cnn.com/cnnnext/dam/assets/220913153037-01-queen-death-uk-tourism-edinburgh-video-synd-2.jpg,https://cdn.cnn.com/cnnnext/dam/assets/220913153037-01-queen-death-uk-tourism-edinburgh-live-video.jpg,https://cdn.cnn.com/cnnnext/dam/assets/220913153037-01-queen-death-uk-tourism-edinburgh-t1-main.jpg,https://cdn.cnn.com/cnnnext/dam/assets/220913153037-01-queen-death-uk-tourism-edinburgh-vertical-gallery.jpg,https://cdn.cnn.com/cnnnext/dam/assets/220913153037-01-queen-death-uk-tourism-edinburgh-story-body.jpg,https://cdn.cnn.com/cnnnext/dam/assets/220913153037-01-queen-death-uk-tourism-edinburgh-t1-main.jpg,https://cdn.cnn.com/cnnnext/dam/assets/220913153037-01-queen-death-uk-tourism-edinburgh-assign.jpg,https://cdn.cnn.com/cnnnext/dam/assets/220913153037-01-queen-death-uk-tourism-edinburgh-hp-video.jpg",CNN.com - RSS Channel - App International Edition,https://www.cnn.com/travel/article/queen-elizabeth-death-london-tourists/index.html
"Tue, 13 Sep 2022 21:22:14 GMT","This 10-foot alligator was so massive that a tow truck had to remove it from a neighborhood outside Houston, Texas. HLN's Robin Meade has the story.",Giant alligator is removed from Texas neighborhood by tow truck,"https://cdn.cnn.com/cnnnext/dam/assets/220913164820-gator-hln-super-169.jpeg,https://cdn.cnn.com/cnnnext/dam/assets/220913164820-gator-hln-large-11.jpeg,https://cdn.cnn.com/cnnnext/dam/assets/220913164820-gator-hln-vertical-large-gallery.jpeg,https://cdn.cnn.com/cnnnext/dam/assets/220913164820-gator-hln-video-synd-2.jpeg,https://cdn.cnn.com/cnnnext/dam/assets/220913164820-gator-hln-live-video.jpeg,https://cdn.cnn.com/cnnnext/dam/assets/220913164820-gator-hln-t1-main.jpeg,https://cdn.cnn.com/cnnnext/dam/assets/220913164820-gator-hln-vertical-gallery.jpeg,https://cdn.cnn.com/cnnnext/dam/assets/220913164820-gator-hln-story-body.jpeg,https://cdn.cnn.com/cnnnext/dam/assets/220913164820-gator-hln-t1-main.jpeg,https://cdn.cnn.com/cnnnext/dam/assets/220913164820-gator-hln-assign.jpeg,https://cdn.cnn.com/cnnnext/dam/assets/220913164820-gator-hln-hp-video.jpeg",CNN.com - RSS Channel - App International Edition,https://www.cnn.com/videos/us/2022/09/13/gator-tow-truck-texas-hln-vpx.hln
"Wed, 14 Sep 2022 08:20:36 GMT","Too often, after fruitless searches for a single magic bullet to eradicate chronic back pain, people decide that living with discomfort is a normal fact of life. But living with back pain is not normal, nor is it necessary. This last installment in our back pain series will empower you to create your own, personalized long-term strategy for maintaining back health and living an active, pain-free lifestyle.","How to live without chronic back pain, according to an expert","https://cdn.cnn.com/cnnnext/dam/assets/220913135917-01-lower-back-pain-stock-super-169.jpeg,https://cdn.cnn.com/cnnnext/dam/assets/220913135917-01-lower-back-pain-stock-large-11.jpeg,https://cdn.cnn.com/cnnnext/dam/assets/220913135917-01-lower-back-pain-stock-vertical-large-gallery.jpeg,https://cdn.cnn.com/cnnnext/dam/assets/220913135917-01-lower-back-pain-stock-video-synd-2.jpeg,https://cdn.cnn.com/cnnnext/dam/assets/220913135917-01-lower-back-pain-stock-live-video.jpeg,https://cdn.cnn.com/cnnnext/dam/assets/220913135917-01-lower-back-pain-stock-t1-main.jpeg,https://cdn.cnn.com/cnnnext/dam/assets/220913135917-01-lower-back-pain-stock-vertical-gallery.jpeg,https://cdn.cnn.com/cnnnext/dam/assets/220913135917-01-lower-back-pain-stock-story-body.jpeg,https://cdn.cnn.com/cnnnext/dam/assets/220913135917-01-lower-back-pain-stock-t1-main.jpeg,https://cdn.cnn.com/cnnnext/dam/assets/220913135917-01-lower-back-pain-stock-assign.jpeg,https://cdn.cnn.com/cnnnext/dam/assets/220913135917-01-lower-back-pain-stock-hp-video.jpeg",CNN.com - RSS Channel - App International Edition,https://www.cnn.com/2022/09/14/health/chronic-back-pain-prevention-wellness/index.html
"Wed, 14 Sep 2022 20:15:05 GMT","It was a first for actor Ryan Reynolds, who allowed a video crew to capture his colonoscopy screening on camera to raise awareness of the increase in colon cancer diagnoses among people under 50. Colorectal cancer is the third most frequently diagnosed cancer in the United States, according to the American Cancer Society.",Ryan Reynolds and Rob McElhenney get colonoscopies on camera,"https://cdn.cnn.com/cnnnext/dam/assets/220914144926-ryan-reynolds-rob-mcelhenney-colonoscopy-awareness-super-169.jpg,https://cdn.cnn.com/cnnnext/dam/assets/220914144926-ryan-reynolds-rob-mcelhenney-colonoscopy-awareness-large-11.jpg,https://cdn.cnn.com/cnnnext/dam/assets/220914144926-ryan-reynolds-rob-mcelhenney-colonoscopy-awareness-vertical-large-gallery.jpg,https://cdn.cnn.com/cnnnext/dam/assets/220914144926-ryan-reynolds-rob-mcelhenney-colonoscopy-awareness-video-synd-2.jpg,https://cdn.cnn.com/cnnnext/dam/assets/220914144926-ryan-reynolds-rob-mcelhenney-colonoscopy-awareness-live-video.jpg,https://cdn.cnn.com/cnnnext/dam/assets/220914144926-ryan-reynolds-rob-mcelhenney-colonoscopy-awareness-t1-main.jpg,https://cdn.cnn.com/cnnnext/dam/assets/220914144926-ryan-reynolds-rob-mcelhenney-colonoscopy-awareness-vertical-gallery.jpg,https://cdn.cnn.com/cnnnext/dam/assets/220914144926-ryan-reynolds-rob-mcelhenney-colonoscopy-awareness-story-body.jpg,https://cdn.cnn.com/cnnnext/dam/assets/220914144926-ryan-reynolds-rob-mcelhenney-colonoscopy-awareness-t1-main.jpg,https://cdn.cnn.com/cnnnext/dam/assets/220914144926-ryan-reynolds-rob-mcelhenney-colonoscopy-awareness-assign.jpg,https://cdn.cnn.com/cnnnext/dam/assets/220914144926-ryan-reynolds-rob-mcelhenney-colonoscopy-awareness-hp-video.jpg",CNN.com - RSS Channel - App International Edition,https://www.cnn.com/2022/09/14/entertainment/ryan-reynolds-rob-mcelhenney-colonoscopy-video-wellness/index.html
"Wed, 14 Sep 2022 14:36:32 GMT",A seven-foot mako shark shocked people on a fishing boat after it jumped on board during a search for sharks to observe and tag.,Watch shark jump onto fishing boat in Maine,"https://cdn.cnn.com/cnnnext/dam/assets/220914150109-vid-thumb-shark-boat-super-169.jpg,https://cdn.cnn.com/cnnnext/dam/assets/220914150109-vid-thumb-shark-boat-large-11.jpg,https://cdn.cnn.com/cnnnext/dam/assets/220914150109-vid-thumb-shark-boat-vertical-large-gallery.jpg,https://cdn.cnn.com/cnnnext/dam/assets/220914150109-vid-thumb-shark-boat-video-synd-2.jpg,https://cdn.cnn.com/cnnnext/dam/assets/220914150109-vid-thumb-shark-boat-live-video.jpg,https://cdn.cnn.com/cnnnext/dam/assets/220914150109-vid-thumb-shark-boat-t1-main.jpg,https://cdn.cnn.com/cnnnext/dam/assets/220914150109-vid-thumb-shark-boat-vertical-gallery.jpg,https://cdn.cnn.com/cnnnext/dam/assets/220914150109-vid-thumb-shark-boat-story-body.jpg,https://cdn.cnn.com/cnnnext/dam/assets/220914150109-vid-thumb-shark-boat-t1-main.jpg,https://cdn.cnn.com/cnnnext/dam/assets/220914150109-vid-thumb-shark-boat-assign.jpg,https://cdn.cnn.com/cnnnext/dam/assets/220914150109-vid-thumb-shark-boat-hp-video.jpg",CNN.com - RSS Channel - App International Edition,https://www.cnn.com/videos/us/2022/09/14/shark-fishing-boat-maine-pkg-affil-ldn-vpx.wgme
"Tue, 13 Sep 2022 15:59:50 GMT","""Close the door, sweetie ... "" The most polite bear ever opens and closes a woman's front door on command. CNN's Jeanne Moos reports.",See woman's encounter with well-mannered bear,,CNN.com - RSS Channel - App International Edition,https://www.cnn.com/videos/us/2022/09/13/bear-closes-door-moos-orig-bdk.cnn
"Thu, 15 Sep 2022 08:57:03 GMT",,China's Xi and Russia's Putin want to create a new world order. The war in Ukraine could spoil their plans,"https://cdn.cnn.com/cnnnext/dam/assets/220914110854-01-xi-putin-060818-file-super-169.jpg,https://cdn.cnn.com/cnnnext/dam/assets/220914110854-01-xi-putin-060818-file-large-11.jpg,https://cdn.cnn.com/cnnnext/dam/assets/220914110854-01-xi-putin-060818-file-vertical-large-gallery.jpg,https://cdn.cnn.com/cnnnext/dam/assets/220914110854-01-xi-putin-060818-file-video-synd-2.jpg,https://cdn.cnn.com/cnnnext/dam/assets/220914110854-01-xi-putin-060818-file-live-video.jpg,https://cdn.cnn.com/cnnnext/dam/assets/220914110854-01-xi-putin-060818-file-t1-main.jpg,https://cdn.cnn.com/cnnnext/dam/assets/220914110854-01-xi-putin-060818-file-vertical-gallery.jpg,https://cdn.cnn.com/cnnnext/dam/assets/220914110854-01-xi-putin-060818-file-story-body.jpg,https://cdn.cnn.com/cnnnext/dam/assets/220914110854-01-xi-putin-060818-file-t1-main.jpg,https://cdn.cnn.com/cnnnext/dam/assets/220914110854-01-xi-putin-060818-file-assign.jpg,https://cdn.cnn.com/cnnnext/dam/assets/220914110854-01-xi-putin-060818-file-hp-video.jpg",CNN.com - RSS Channel - App International Edition,https://www.cnn.com/2022/09/14/china/xi-putin-meeting-sco-summit-analysis-intl-hnk/index.html
"Thu, 15 Sep 2022 02:39:33 GMT","Ukrainian President Volodymyr Zelensky has emerged with ""no serious injuries"" from a car collision in Kyiv on Wednesday.",Zelensky has 'no serious injuries' after car accident,"https://cdn.cnn.com/cnnnext/dam/assets/220620100738-zelensky-office-file-super-169.jpg,https://cdn.cnn.com/cnnnext/dam/assets/220620100738-zelensky-office-file-large-11.jpg,https://cdn.cnn.com/cnnnext/dam/assets/220620100738-zelensky-office-file-vertical-large-gallery.jpg,https://cdn.cnn.com/cnnnext/dam/assets/220620100738-zelensky-office-file-video-synd-2.jpg,https://cdn.cnn.com/cnnnext/dam/assets/220620100738-zelensky-office-file-live-video.jpg,https://cdn.cnn.com/cnnnext/dam/assets/220620100738-zelensky-office-file-t1-main.jpg,https://cdn.cnn.com/cnnnext/dam/assets/220620100738-zelensky-office-file-vertical-gallery.jpg,https://cdn.cnn.com/cnnnext/dam/assets/220620100738-zelensky-office-file-story-body.jpg,https://cdn.cnn.com/cnnnext/dam/assets/220620100738-zelensky-office-file-t1-main.jpg,https://cdn.cnn.com/cnnnext/dam/assets/220620100738-zelensky-office-file-assign.jpg,https://cdn.cnn.com/cnnnext/dam/assets/220620100738-zelensky-office-file-hp-video.jpg",CNN.com - RSS Channel - App International Edition,https://www.cnn.com/2022/09/14/europe/zelensky-car-crash-intl/index.html
"Thu, 15 Sep 2022 06:24:32 GMT",• Zelensky visits newly recaptured city of Izium,"Relief, but little joy, in a liberated Ukrainian town","https://cdn.cnn.com/cnnnext/dam/assets/220914133844-01-larisa-cnn-pkg-super-169.jpg,https://cdn.cnn.com/cnnnext/dam/assets/220914133844-01-larisa-cnn-pkg-large-11.jpg,https://cdn.cnn.com/cnnnext/dam/assets/220914133844-01-larisa-cnn-pkg-vertical-large-gallery.jpg,https://cdn.cnn.com/cnnnext/dam/assets/220914133844-01-larisa-cnn-pkg-video-synd-2.jpg,https://cdn.cnn.com/cnnnext/dam/assets/220914133844-01-larisa-cnn-pkg-live-video.jpg,https://cdn.cnn.com/cnnnext/dam/assets/220914133844-01-larisa-cnn-pkg-t1-main.jpg,https://cdn.cnn.com/cnnnext/dam/assets/220914133844-01-larisa-cnn-pkg-vertical-gallery.jpg,https://cdn.cnn.com/cnnnext/dam/assets/220914133844-01-larisa-cnn-pkg-story-body.jpg,https://cdn.cnn.com/cnnnext/dam/assets/220914133844-01-larisa-cnn-pkg-t1-main.jpg,https://cdn.cnn.com/cnnnext/dam/assets/220914133844-01-larisa-cnn-pkg-assign.jpg,https://cdn.cnn.com/cnnnext/dam/assets/220914133844-01-larisa-cnn-pkg-hp-video.jpg",CNN.com - RSS Channel - App International Edition,https://www.cnn.com/2022/09/15/europe/ukraine-shevchenkove-town-liberated-intl-cmd/index.html
"Thu, 15 Sep 2022 07:59:22 GMT",,3 ways China and Russia are forging closer economic ties,"https://cdn.cnn.com/cnnnext/dam/assets/220914005828-01-china-russia-trade-ties-currency-alliance-xi-putin-meet-intl-hnk-super-169.jpg,https://cdn.cnn.com/cnnnext/dam/assets/220914005828-01-china-russia-trade-ties-currency-alliance-xi-putin-meet-intl-hnk-large-11.jpg,https://cdn.cnn.com/cnnnext/dam/assets/220914005828-01-china-russia-trade-ties-currency-alliance-xi-putin-meet-intl-hnk-vertical-large-gallery.jpg,https://cdn.cnn.com/cnnnext/dam/assets/220914005828-01-china-russia-trade-ties-currency-alliance-xi-putin-meet-intl-hnk-video-synd-2.jpg,https://cdn.cnn.com/cnnnext/dam/assets/220914005828-01-china-russia-trade-ties-currency-alliance-xi-putin-meet-intl-hnk-live-video.jpg,https://cdn.cnn.com/cnnnext/dam/assets/220914005828-01-china-russia-trade-ties-currency-alliance-xi-putin-meet-intl-hnk-t1-main.jpg,https://cdn.cnn.com/cnnnext/dam/assets/220914005828-01-china-russia-trade-ties-currency-alliance-xi-putin-meet-intl-hnk-vertical-gallery.jpg,https://cdn.cnn.com/cnnnext/dam/assets/220914005828-01-china-russia-trade-ties-currency-alliance-xi-putin-meet-intl-hnk-story-body.jpg,https://cdn.cnn.com/cnnnext/dam/assets/220914005828-01-china-russia-trade-ties-currency-alliance-xi-putin-meet-intl-hnk-t1-main.jpg,https://cdn.cnn.com/cnnnext/dam/assets/220914005828-01-china-russia-trade-ties-currency-alliance-xi-putin-meet-intl-hnk-assign.jpg,https://cdn.cnn.com/cnnnext/dam/assets/220914005828-01-china-russia-trade-ties-currency-alliance-xi-putin-meet-intl-hnk-hp-video.jpg",CNN.com - RSS Channel - App International Edition,https://www.cnn.com/2022/09/15/economy/china-russia-closer-ties-sco-summit-intl-hnk/index.html
